name,id,designation,tech/manufacturer,system id,fleet pts,hitpoints,armor rating,max flux,8/6/5/4%,flux dissipation,ordnance points,fighter bays,max speed,acceleration,deceleration,max turn rate,turn acceleration,mass,shield type,defense id,shield arc,shield upkeep,shield efficiency,phase cost,phase upkeep,min crew,max crew,cargo,fuel,fuel/ly,range,max burn,base value,cr %/day,CR to deploy,peak CR sec,CR loss/sec,supplies/rec,supplies/mo,hints,tags,rarity,breakProb,minPieces,travel drive,number
#redstripeknights,,,,,,,,,,,,,,,,,,,,,,,,,,,,,,,,,,,,,,,,,,,,,,
norman knight,rs_nuo,Carrier-based aircraft support ship,red stripe knights,CR_DamperBurn,4,1200,150,2000,2000,180,55,1,170,120,50,30,30,160,OMNI,,180,0.5,0.9,,,30,40,15,10,1,10,9,25000,5,20,300,0.25,4,4,CARRIER,"rare_bp,rs_old_bp, codex_unlockable",,0.4,2,,288
edgeless sword,rs_wu,frigate,red stripe knights,burndrive,5,1700,250,2500,,200,65,,120,110,90,60,90,300,FRONT,,210,0.3,0.9,,,25,50,40,25,1,25,10,12000,5,20,380,0.25,4,4,,"rare_bp,rs_old_bp, codex_unlockable",,0.4,2,,288
,,,,,,,,,,,,,,,,,,,,,,,,,,,,,,,,,,,,,,,,,,,,,,
lighthouse,rs_dion,destroyer,red stripe knights,plasmajets,7,4000,500,5200,4167,300,95,,80,60,40,30,60,400,OMNI,,240,0.5,0.9,,,40,100,90,90,2,45,9,35000,5,20,360,0.25,9,9,,"rare_bp,rs_old_bp, codex_unlockable",,0.5,2,,300.1
,,,,,,,,,,,,,,,,,,,,,,,,,,,,,,,,,,,,,,,,,,,,,,
Aetius,rs_huo,combat freighter,red stripe knights,RS_flarelauncher_ship,7,6000,600,3000,,360,50,,60,25,10,12,12,5000,OMNI,,180,0.5,0.9,,,60,200,750,80,4,20,7,70000,3,20,280,0.25,12,12,"FREIGHTER, ALWAYS_PANIC","rare_bp,rs_old_bp, codex_unlockable",0.4,0.5,2,,403.1
Highest Point (RS),rs_xun,cruiser,red stripe knights,RS_FortressShieldStats,14,7750,750,11500,,650,140,,60,35,30,20,25,2400,FRONT,,240,0.3,0.9,,,150,450,400,180,3,60,8,140000,3,20,420,0.25,25,25,,"rare_bp,rs_old_bp, codex_unlockable",0.2,0.6,2,,403.2
,,,,,,,,,,,,,,,,,,,,,,,,,,,,,,,,,,,,,,,,,,,,,,
Crude oil No. 108,rs_you,fuel transport ship,red stripe knights,flarelauncher,14,17000,1250,10000,,350,120,1,20,9,9,3,3,5600,OMNI,,200,0.5,1.1,,,40,140,300,3000,15,200,7,140000,3,20,720,0.25,12,12,"TANKER, CIVILIAN, ALWAYS_PANIC","rare_bp,rs_old_bp, codex_unlockable",0.4,0.7,3,,503.4
praise,rs_zanmei,battleship,red stripe knights,CR_PhaseVerbJet,26,14000,1200,20750,,875,365,,40,15,10,4,4,5400,OMNI,,150,0.5,0.9,,,500,800,400,400,10,40,6,280000,3,20,750,0.25,55,55,,"rare_bp,rs_old_bp, codex_unlockable",0.3,0.5,2,,523.6
,,,,,,,,,,,,,,,,,,,,,,,,,,,,,,,,,,,,,,,,,,,,,,
original core,rs_zi,unmanned battleship,red stripe knights,displacer,28,20000,1500,27000,,1600,400,,50,25,15,12,10,3200,OMNI,,240,0.3,0.6,,,0,0,300,200,10,20,7,750000,5,20,620,0.25,60,60,,"no_autofit, no_bp_drop",0.1,0.4,2,,526.8
,,,,,,,,,,,,,,,,,,,,,,,,,,,,,,,,,,,,,,,,,,,,,,
Servant of God,rs_cherubicoblatus,bombardment frigate,Knights Experiment,CR_PhaseVerbJet,12,4500,1200,4750,,175,65,,75,45,35,25,18,1250,PHASE,damper,,,,,,15,75,150,600,4,15,8,90000,5,20,510,0.15,8,8,,"rare_bp,rs_shiyan_bp, codex_unlockable",0.3,0.6,2,,51.9
,,,,,,,,,,,,,,,,,,,,,,,,,,,,,,,,,,,,,,,,,,,,,,
greedy,rs_avaritia,guided missile destroyer,red stripe knights,forgevats,14,3800,300,5500,,275,90,,70,40,20,20,30,400,FRONT,,90,0.3,0.7,,,50,80,80,40,2,20,9,60000,3,20,200,0.15,16,16,,"rare_bp , rs_bp, codex_unlockable",0.6,0.5,2,,304.11
,,,,,,,,,,,,,,,,,,,,,,,,,,,,,,,,,,,,,,,,,,,,,,
Behemoth,rs_behemoth,medium tactical cruiser,red stripe knights,CR_PhaseVerbJet,20,4250,870,8800,,575,165,,60,35,35,30,22,2250,FRONT,,60,0.3,0.7,,,115,275,110,275,5,30,9,145000,3,20,345,0.15,28,28,,"rare_bp , rs_bp, codex_unlockable",0.5,0.5,2,,527.91
Leviathan,rs_leviathan,Breaking Cruiser,red stripe knights,CR_DamperBurn,20,5500,1350,11500,,425,195,,55,45,25,20,18,2500,FRONT,,90,0.3,0.7,,,115,275,110,275,5,32,9,145000,3,20,360,0.15,30,35,,"rare_bp , rs_bp, codex_unlockable",0.5,0.5,2,,527.92
,,,,,,,,,,,,,,,,,,,,,,,,,,,,,,,,,,,,,,,,,,,,,,
firm,rs_constantia,heavy carrier-battleship,red stripe knights,CR_PhaseVerbJet,25,7500,1400,17500,,600,265,4,45,20,15,8,6,4800,OMNI,,120,0.45,0.75,,,450,1000,250,300,10,40,8,250000,5,20,700,0.15,50,50,"CARRIER, COMBAT","rare_bp , rs_bp, codex_unlockable",0.5,0.5,2,,500
creed,rs_credo,battleship,red stripe knights,CR_DamperBurn,30,8700,1600,23450,,700,345,,25,10,8,12,10,5400,OMNI,,120,0.45,0.75,,,600,1200,300,350,10,45,8,300000,5,20,700,0.15,62,62,,"rare_bp , rs_bp, codex_unlockable",0.5,0.5,2,,526.81
commandments,rs_praecepta,heavy carrier-battleship,red stripe knights,CR_TargetingLink,32,8000,1400,21500,,650,360,4,40,15,10,10,8,5500,OMNI,,120,0.45,0.75,,,500,1100,450,500,10,48,8,450000,5,20,750,0.15,68,68,"CARRIER, COMBAT","rare_bp , rs_bp, codex_unlockable",0.5,0.4,2,,526.82
,,,,,,,,,,,,,,,,,,,,,,,,,,,,,,,,,,,,,,,,,,,,,,
#redstripeguardscorps,,,,,,,,,,,,,,,,,,,,,,,,,,,,,,,,,,,,,,,,,,,,,,
Typhon,rs_typhaon,medium support fighters carrier,Red Stripe Guards Regiment,CR_TargetingLink,12,3500,475,8000,,315,135,4,50,20,15,15,10,3100,OMNI,,90,0.45,0.7,,,375,800,200,200,6,32,8,125000,5,20,380,0.15,24,24,CARRIER,"rs_praetorianorum_bp,auto_rec, codex_unlockable",0.5,0.6,2,CR_traveldrive,666.10
scura,rs_scylla,Heavy formation breaking cruiser,Red Stripe Guards Regiment,CR_DamperBurn,15,4000,950,11500,,525,170,,70,50,45,26,14,2500,FRONT,,150,0.3,0.7,,,230,600,100,370,5,30,8,175000,5,20,320,0.15,28,28,,"rs_praetorianorum_bp,auto_rec, codex_unlockable",0.5,0.6,2,CR_traveldrive,666.11
Cerberus,rs_cerberus,hunter destroyer cruiser,Red Stripe Guards Regiment,CR_PhaseboostDrive,18,4750,850,15000,,675,195,,65,40,35,25,15,3375,OMNI,,90,0.45,0.75,,,350,870,170,400,7,38,8,235000,5,20,450,0.15,35,35,RENDER_ENGINES_BELOW_HULL,"rs_praetorianorum_bp,auto_rec, codex_unlockable",0.5,0.6,2,CR_traveldrive,666.12
Charybdis,rs_kharybdis,large tactical cruiser,Red Stripe Guards Regiment,CR_PhaseDrift,24,5000,725,16000,,500,235,4,55,30,25,25,10,3700,OMNI,,90,0.45,0.75,,,400,1170,170,400,7,38,8,310000,5,20,500,0.15,38,38,"RENDER_ENGINES_BELOW_HULL,CARRIER, COMBAT, NO_AUTO_ESCORT","rs_praetorianorum_bp,auto_rec, codex_unlockable",0.5,0.6,2,CR_traveldrive,666.13
loyalty,rs_fidelitas,bombardment cruiser,Red Stripe Guards Regiment,CR_PhaseboostDrive,20,3700,700,12300,,635,186,,65,40,35,30,20,2950,OMNI,,120,0.6,0.75,,,110,375,100,370,7,35,8,275000,5,20,320,0.15,38,38,,"rs_praetorianorum_bp,auto_rec, codex_unlockable",0.5,0.6,2,CR_traveldrive,666.14
wisdom,rs_sophia,high speed aircraft carrier,Red Stripe Guards Regiment,CR_TargetingLink,20,5500,750,17500,,600,210,5,55,25,25,8,4,4780,OMNI,,90,0.45,0.75,,,550,1800,450,500,12,100,8,210000,5,20,700,0.15,40,40,"CARRIER, COMBAT","rs_praetorianorum_bp,auto_rec, codex_unlockable",0.5,0.6,2,CR_traveldrive,666.15
glory,rs_vincere,firepower battleship,Red Stripe Guards Regiment,CR_PhaseVerbJet,28,6750,1050,18500,,750,305,,50,20,15,10,7,4500,FRONT,,90,0.3,0.7,,,400,1000,375,500,11,48,8,345000,5,20,650,0.15,50,50,,"rs_praetorianorum_bp,auto_rec, codex_unlockable",0.5,0.6,2,CR_traveldrive,666.16
Triumph,rs_tiumphus,high speed battleship,Red Stripe Guards Regiment,CR_PhaseboostDrive,28,6000,900,19000,,700,275,4,55,30,25,15,10,4750,OMNI,,120,0.6,0.75,,,475,1100,450,650,11,48,8,375000,5,20,600,0.15,55,55,"CARRIER, COMBAT, NO_AUTO_ESCORT","rs_praetorianorum_bp,auto_rec, codex_unlockable",0.5,0.6,2,CR_traveldrive,666.17
nazareth,rs_nazaret,Breaking Dreadnought,Red Stripe Guards Regiment,CR_PhaseVerbJet,45,8000,1000,23500,,900,310,3,50,15,10,10,10,6100,OMNI,,120,0.6,0.75,,,275,1100,600,900,12,50,8,550000,5,20,700,0.15,75,75,,"subflagship ,auto_rec, codex_unlockable",0.5,0.6,2,CR_traveldrive,666.18
bethlehem,rs_bethlehem,sub-flagship,Red Stripe Guards Regiment,CR_TargetingLink,50,10000,1100,27500,,975,330,9,35,12,10,7,7,6750,OMNI,,120,0.6,0.75,,,850,2100,1100,3500,14,56,7,650000,5,20,900,0.15,90,90,"CARRIER, COMBAT","subflagship ,auto_rec, codex_unlockable",0.4,0.6,2,CR_traveldrive,666.18
Jordan,rs_lordanes,sub-flagship,Red Stripe Guards Regiment,CR_PhaseDrift,50,10000,1100,27500,,975,330,5,50,18,12,10,8,6350,OMNI,,120,0.6,0.75,,,850,2100,1100,3500,14,56,7,650000,5,20,900,0.15,90,90,"SHIP_WITH_MODULES,CARRIER, COMBAT, NO_AUTO_ESCORT","subflagship ,auto_rec, codex_unlockable",0.4,0.6,2,CR_traveldrive,666.18
Jordan Ring Module,rs_lordanes_ring,sub-flagship module,Red Stripe Guards Regiment,RS_flarelauncher_ship,1,3000,2000,6500,,25,5,3,,,,,,200,PHASE,RS_flarelauncher_ship,75,0.4,1.1,,,,,,,,,,,,,,,,,"UNBOARDABLE,HIDE_IN_CODEX, UNDER_PARENT","module_unselectable,no_autofit,restricted",1,2,4,Moci_SMALaunchTravelDrive,667.12
Byzantium,rs_byzantine,flagship,Red Stripe Guards Regiment,CR_DamperBurn,300,11000,1750,20000,,700,220,2,18,7,5,7,5,4150,PHASE,RS_FieldOfThops,,,,,,1200,5000,3000,8000,27,88,8,30000000,5,12,1100,0.15,150,150,"SHIP_WITH_MODULES,CARRIER, COMBAT, NO_AUTO_ESCORT","flagship ,special_allows_system_use, system_allows_special_use, codex_unlockable",,0.3,2,CR_traveldrive,5001
Byzantine right armor module,rs_byzantine_armor_right,Heavy support platform,Red Stripe Guards Regiment,RS_FortressShieldStats,1,7500,1800,19000,,900,135,,0,0,0,10,10,1200,FRONT,,120,0.8,0.7,,,0,0,0,0,1,0,,500000,,1,,,0,0,"UNBOARDABLE, HIDE_IN_CODEX, RENDER_ENGINES_BELOW_HULL","no_autofit,restricted",,0.5,2,CR_traveldrive,5002
Byzantine left armor module,rs_byzantine_armor_left,Heavy support platform,Red Stripe Guards Regiment,RS_FortressShieldStats,1,7500,1800,19000,,900,135,,0,0,0,10,10,1200,FRONT,,120,0.8,0.7,,,0,0,0,0,1,0,,500000,,1,,,0,0,"UNBOARDABLE, HIDE_IN_CODEX, RENDER_ENGINES_BELOW_HULL","no_autofit,restricted",,0.5,2,CR_traveldrive,5003
Byzantine left arm module,rs_byzantine_left_deck,heavy weapons platform,Red Stripe Guards Regiment,RS_Station_Drone,1,8000,1300,13500,,750,210,3,0,0,0,10,10,2000,NONE,,,,,,,0,0,0,0,1,0,,500000,,1,,,0,0,"UNBOARDABLE, HIDE_IN_CODEX","no_autofit,restricted ,special_allows_system_use, system_allows_special_use",,0.5,2,CR_traveldrive,5004
Byzantine right arm module,rs_byzantine_right_deck,heavy weapons platform,Red Stripe Guards Regiment,RS_Station_Drone,1,8000,1300,13500,,750,210,3,0,0,0,10,10,2000,NONE,,,,,,,0,0,0,0,1,0,,500000,,1,,,0,0,"UNBOARDABLE, HIDE_IN_CODEX","no_autofit,restricted ,special_allows_system_use, system_allows_special_use",,0.5,2,CR_traveldrive,5005
Byzantine left engine module,rs_byzantine_engine_left,tail module,Red Stripe Guards Regiment,RS_flarelauncher_ship,1,6000,1500,9000,,300,65,,0,0,0,10,10,1500,PHASE,RS_flarelauncher_ship,,,,,,0,0,0,0,1,0,,500000,,1,,,0,0,"UNBOARDABLE, HIDE_IN_CODEX, RENDER_ENGINES_BELOW_HULL","no_autofit,restricted",,0.5,2,CR_traveldrive,5006
Byzantine Right Engine Module,rs_byzantine_engine_right,tail module,Red Stripe Guards Regiment,RS_flarelauncher_ship,1,6000,1500,9000,,300,65,,0,0,0,10,10,1500,PHASE,RS_flarelauncher_ship,,,,,,0,0,0,0,1,0,,500000,,1,,,0,0,"UNBOARDABLE, HIDE_IN_CODEX, RENDER_ENGINES_BELOW_HULL","no_autofit,restricted",,0.5,2,CR_traveldrive,5007
,,,,,,,,,,,,,,,,,,,,,,,,,,,,,,,,,,,,,,,,,,,,,,
macedonia,rs_maqidun,Defense Drones,red stripe knights,mine_strike,,1750,1000,6500,3750,300,75,,250,400,300,60,90,300,OMNI,,360,0.1,0.6,,,0,0,,,,,,,,,,,,,,,,0.4,2,,6.7
,,,,,,,,,,,,,,,,,,,,,,,,,,,,,,,,,,,,,,,,,,,,,,
#redstripeguardscorps (experimental),,,,,,,,,,,,,,,,,,,,,,,,,,,,,,,,,,,,,,,,,,,,,,
Apocalypse,rs_revelatio,Specially equipped battleship,Red Stripe Guards Regiment (Experimental),CR_PhaseDrift,40,6500,875,21000,,800,300,,55,30,25,20,12,5000,FRONT,,90,0.65,0.7,,,200,750,150,400,12,45,8,10000000,5,25,625,0.25,65,65,HIDE_IN_CODEX,"sp, codex_unlockable",0.5,0.6,2,CR_traveldrive,99999.1
divine judge,rs_vindicatiodei,Specially designed carrier-battleship,Red Stripe Guards Regiment (Experimental),CR_PhaseVerbJet,35,9000,1100,19000,,870,295,6,50,25,20,15,8,4950,OMNI,,120,0.45,0.75,,,450,1000,225,275,10,40,8,10000000,5,20,720,0.25,55,55,"CARRIER, COMBAT","sp, codex_unlockable",0.5,0.5,2,CR_traveldrive,99999.2
black abyss,rs_infernum,Specially designed carrier-battleship,Red Stripe Guards Regiment (Experimental),CR_PhaseboostDrive,35,6750,1200,18000,,675,305,4,45,25,20,15,10,4800,OMNI,,120,0.45,0.75,,,450,1000,225,275,10,40,8,10000000,5,20,720,0.25,50,50,"CARRIER, COMBAT","sp, codex_unlockable",0.5,0.5,2,CR_traveldrive,99999.2
,,,,,,,,,,,,,,,,,,,,,,,,,,,,,,,,,,,,,,,,,,,,,,
,,,,,,,,,,,,,,,,,,,,,,,,,,,,,,,,,,,,,,,,,,,,,,
#mobilearmor,,,,,,,,,,,,,,,,,,,,,,,,,,,,,,,,,,,,,,,,,,,,,,
iron ball,rs_MA_01,Small firepower mobile armor,Red Stripe Guards Regiment,RS_WeaponOverloading,5,650,650,3500,,210,40,,90,70,70,75,70,80,FRONT,,120,1,0.8,,,1,1,10,10,1,10,11,36000,10,20,130,0.5,6,6,RENDER_ENGINES_BELOW_HULL,"rs_praetorianorum_bp,auto_rec, codex_unlockable ,crusaders_ma",0.4,0.5,2,Moci_SMALaunchTravelDrive,666.01
Burnt orchid,rs_SDA_MA,Electronic warfare mobile armor,Red Stripe Guards Regiment,RS_MaECMpulse,8,1350,300,5100,,375,90,,70,70,70,45,50,200,FRONT,,120,1,0.8,,,1,2,10,20,1,12,11,60000,10,20,210,0.5,15,15,RENDER_ENGINES_BELOW_HULL,"rs_praetorianorum_bp,auto_rec, codex_unlockable ,crusaders_ma",0.2,0.5,2,Moci_SMALaunchTravelDrive,666.02
Phalaenopsis,rs_TMA_MA,Breach mobile armor,Red Stripe Guards Regiment,RS_MABurn,10,1150,450,6250,,400,100,,125,85,85,50,60,300,FRONT,,120,1,0.8,,,1,2,15,30,1,12,11,75000,10,20,160,0.5,20,20,,"rs_praetorianorum_bp,auto_rec, codex_unlockable ,crusaders_ma",0.3,0.5,2,Moci_SMALaunchTravelDrive,666.03
,,,,,,,,,,,,,,,,,,,,,,,,,,,,,,,,,,,,,,,,,,,,,,
Hazel core machine,rs_Tr_1,Core machine,Red Stripe Guards Regiment,CR_PhaseVerbJet,8,1500,550,6500,,450,90,,100,85,85,50,60,200,FRONT,,120,1,0.8,,,1,1,15,30,1,12,11,80000,10,20,240,0.5,15,15,RENDER_ENGINES_BELOW_HULL,"no_autofit ,restricted, no_dealer, no_sell, codex_unlockable ,crusaders_ma",0.4,0.5,2,Moci_SMALaunchTravelDrive,667.10
Hazel Osla,rs_Tr_1_owsla,Multi-purpose mecha,Red Stripe Guards Regiment,CR_PhaseVerbJet,15,2000,550,6500,,450,85,,100,85,85,50,60,575,FRONT,,120,1,0.8,,,1,2,15,30,1,12,11,135000,10,20,240,0.5,15,15,"SHIP_WITH_MODULES, RENDER_ENGINES_BELOW_HULL","no_autofit ,restricted, no_dealer, no_sell, codex_unlockable ,crusaders_ma",0.3,0.5,2,Moci_SMALaunchTravelDrive,667.11
,rs_Tr_1_left_sabre_shield,Hazel's Shield,,,1,3000,2000,1500,,25,5,,,,,,,200,NONE,,75,0.4,1.1,,,,,,,,,,,,,,,,,"UNBOARDABLE,HIDE_IN_CODEX","module_unselectable,no_autofit,restricted",1,2,4,Moci_SMALaunchTravelDrive,667.12
,rs_Tr_1_left_shield,Hazel's Shield,,,1,3000,2000,500,,25,5,,,,,,,200,NONE,,75,0.4,1.1,,,,,,,,,,,,,,,,,"UNBOARDABLE,HIDE_IN_CODEX","module_unselectable,no_autofit,restricted",1,2,4,Moci_SMALaunchTravelDrive,667.13
,rs_Tr_1_right_shield,Hazel's Shield,,,1,3000,2000,500,,25,5,,,,,,,200,NONE,,75,0.4,1.1,,,,,,,,,,,,,,,,,"UNBOARDABLE,HIDE_IN_CODEX","module_unselectable,no_autofit,restricted",1,2,4,Moci_SMALaunchTravelDrive,667.14
,rs_Tr_1_LinerBit_arm_L,Titan wire control arm,,RS_WeaponOverloading,1,7500,2000,2000,,50,5,,300,650,650,200,200,200,NONE,,75,0.4,1.1,,,,,,,,,,,,,,,,,"UNBOARDABLE,HIDE_IN_CODEX, UNDER_PARENT","module_unselectable,no_autofit,restricted",1,2,4,Moci_SMALaunchTravelDrive,667.15
,rs_Tr_1_LinerBit_arm_R,Titan wire control arm,,RS_WeaponOverloading,1,7500,2000,2000,,50,5,,300,650,650,200,200,200,NONE,,75,0.4,1.1,,,,,,,,,,,,,,,,,"UNBOARDABLE,HIDE_IN_CODEX, UNDER_PARENT","module_unselectable,no_autofit,restricted",1,2,4,Moci_SMALaunchTravelDrive,667.16
,,,,,,,,,,,,,,,,,,,,,,,,,,,,,,,,,,,,,,,,,,,,,,
Hazel-Haze'nthley,rs_Tr_1_haznthley,Fully equipped breakthrough mecha,Red Stripe Guards Regiment,RS_MABurn,20,2500,600,12250,,600,105,,100,110,45,35,50,1550,FRONT,,120,1,0.8,,,1,2,15,30,1,12,11,235000,10,20,300,0.5,34,34,SHIP_WITH_MODULES,"rs_praetorianorum_bp,auto_rec, codex_unlockable ,crusaders_ma",0.3,0.5,2,Moci_SMALaunchTravelDrive,667.11
,,,,,,,,,,,,,,,,,,,,,,,,,,,,,,,,,,,,,,,,,,,,,,
Bizak,rs_Tr_2,fire support armor,Red Stripe Guards Regiment,RS_WeaponOverloading,8,1500,1000,5500,,275,65,,75,75,75,60,50,450,FRONT,,120,1,0.8,,,1,1,10,20,1,12,11,70000,10,20,175,0.5,15,15,,"rs_praetorianorum_bp,auto_rec, codex_unlockable ,crusaders_ma",0.4,0.5,2,Moci_SMALaunchTravelDrive,667.17
Bizak-Osla,rs_Tr_2_Owsal,Heavy fire support armor,Red Stripe Guards Regiment,RS_WeaponOverloading,8,4500,1000,9750,,475,155,,55,55,35,30,20,1190,FRONT,,120,1,0.8,,,1,2,10,20,1,12,11,87000,10,20,240,0.5,35,35,"SHIP_WITH_MODULES, RENDER_ENGINES_BELOW_HULL","rs_praetorianorum_bp,auto_rec, codex_unlockable ,crusaders_ma",0.25,0.5,2,Moci_SMALaunchTravelDrive,667.18
Bizak Osla-Zion,rs_Tr_2_Owsal_Zeong,Special support armor,Red Stripe Guards Regiment,CR_PhaseVerbJet,8,4500,1000,12000,,525,170,,60,55,55,35,30,1350,FRONT,,120,1,0.8,,,1,2,10,20,1,12,11,215000,10,20,315,0.5,48,48,"SHIP_WITH_MODULES, RENDER_ENGINES_BELOW_HULL","sp, codex_unlockable ,crusaders_ma",0.4,0.5,2,Moci_SMALaunchTravelDrive,667.19
Bizak-Osla-Power Backpack,rs_Tr_2_Owsal_backpack,Bizak backpack,,RS_flarelauncher_ship,1,3000,2000,500,,50,5,,,,,,,200,NONE,,75,0.4,1.1,,,,,,,,,,,,,,,,,"UNBOARDABLE,HIDE_IN_CODEX","module_unselectable,no_autofit,restricted",1,2,4,Moci_SMALaunchTravelDrive,667.20
,,,,,,,,,,,,,,,,,,,,,,,,,,,,,,,,,,,,,,,,,,,,,,
kihar,rs_Tr_3,Automated mobile armor,Red Stripe Guards Regiment,RS_WeaponOverloading,5,575,275,3600,,225,50,,125,80,80,85,75,95,FRONT,,120,1,0.8,,,1,1,10,10,1,10,11,36000,10,20,120,0.5,0,0,"RENDER_ENGINES_BELOW_HULL,UNBOARDABLE,HIDE_IN_CODEX","no_autofit ,restricted, no_dealer, no_sell, codex_unlockable ,crusaders_ma",0.4,0.5,2,Moci_SMALaunchTravelDrive,667.21
,,,,,,,,,,,,,,,,,,,,,,,,,,,,,,,,,,,,,,,,,,,,,,
Advanced Gaozhagu,rs_AMS_06,Improved mobile weapons,Knights foreign trade,CR_PhaseVerbJet,8,1750,1000,6500,,300,45,,85,80,70,50,60,400,FRONT,,120,1,0.8,,,1,1,15,30,1,12,11,80000,10,20,240,0.5,18,18,SHIP_WITH_MODULES,"rare_bp,auto_rec, merc ,rs_trade_bp, codex_unlockable, moci_ms, ind ,crusaders_ma",0.4,0.5,2,Moci_SMALaunchTravelDrive,667.10
Rosset (space combat equipment),rs_Tr_4_rozet,Heavy mobile weapons,Red Stripe Guards Regiment,RS_WeaponOverloading,8,2250,1000,9000,,425,120,,75,65,55,50,60,750,FRONT,,120,1,0.8,,,1,1,15,30,1,12,11,80000,10,20,240,0.5,28,28,SHIP_WITH_MODULES,"rs_praetorianorum_bp,auto_rec, codex_unlockable ,crusaders_ma",0.4,0.5,2,Moci_SMALaunchTravelDrive,667.10
,rs_tr_4_engine,Rosset Armored Engine,,RS_flarelauncher_ship,1,2500,1500,1750,,250,45,,,,,,,600,NONE,,75,0.4,1.1,,,,,,,,,,,,,,,,,"UNBOARDABLE,HIDE_IN_CODEX, UNDER_PARENT, RENDER_ENGINES_BELOW_HULL","module_unselectable,no_autofit,restricted",1,2,4,,667.15
,,,,,,,,,,,,,,,,,,,,,,,,,,,,,,,,,,,,,,,,,,,,,,
Woundwort,rs_Tr_6,Core machine,Red Stripe Guards Regiment,CR_PhaseVerbJet,8,1250,475,7000,,300,40,,115,120,120,70,75,225,FRONT,,120,1,0.8,,,1,1,15,30,1,12,11,80000,10,20,240,0.5,0,0,RENDER_ENGINES_BELOW_HULL,"no_autofit ,restricted, no_dealer, no_sell, codex_unlockable ,crusaders_ma",0.4,0.5,2,Moci_SMALaunchTravelDrive,667.10
Woundwort-Haze'nthley,rs_Tr_6_haznthley,Fully equipped tactical mecha,Red Stripe Guards Regiment,CR_PhaseVerbJet,8,2250,500,11900,,525,130,,100,110,110,50,60,1150,FRONT,,120,1,0.8,,,1,1,15,30,1,12,11,205000,10,20,240,0.5,30,30,SHIP_WITH_MODULES,"rs_praetorianorum_bp,auto_rec, codex_unlockable ,crusaders_ma",0.4,0.5,2,Moci_SMALaunchTravelDrive,667.10
,,,,,,,,,,,,,,,,,,,,,,,,,,,,,,,,,,,,,,,,,,,,,,
Dandelion,rs_Tr_4_Dandelion,Heavy defensive armor,Red Stripe Guards Regiment,RS_FortressShieldStats,28,5000,750,18000,,700,280,4,55,25,25,20,12,2950,FRONT,,120,1,0.8,,,1,3,400,550,12,45,8,375000,5,20,650,0.15,48,48,"SHIP_WITH_MODULES,CARRIER, COMBAT","rs_praetorianorum_bp,auto_rec, codex_unlockable ,crusaders_ma",0.2,0.6,2,CR_traveldrive,666.15
,rs_Tr_4_linebit,Dandy Lane wire control arm,,RS_WeaponOverloading,1,7500,2000,6500,,250,5,,300,650,650,200,200,350,NONE,,75,0.4,1.1,,,,,,,,,,,,,,,,,"UNBOARDABLE,HIDE_IN_CODEX, UNDER_PARENT","module_unselectable,no_autofit,restricted",1,2,4,Moci_SMALaunchTravelDrive,667.15
,rs_Tr_4_bit_left,Dandy Lane wire control arm,,RS_WeaponOverloading,1,7500,2000,6500,,250,5,,300,650,650,200,200,350,NONE,,75,0.4,1.1,,,,,,,,,,,,,,,,,"UNBOARDABLE,HIDE_IN_CODEX, UNDER_PARENT","module_unselectable,no_autofit,restricted",1,2,4,Moci_SMALaunchTravelDrive,667.15
,rs_Tr_4_bit_right,Dandy Lane wire control arm,,RS_WeaponOverloading,1,7500,2000,6500,,250,5,,300,650,650,200,200,350,NONE,,75,0.4,1.1,,,,,,,,,,,,,,,,,"UNBOARDABLE,HIDE_IN_CODEX, UNDER_PARENT","module_unselectable,no_autofit,restricted",1,2,4,Moci_SMALaunchTravelDrive,667.15
,,,,,,,,,,,,,,,,,,,,,,,,,,,,,,,,,,,,,,,,,,,,,,
Faber,rs_Tr_5_fiver,Heavy breaker armor,Red Stripe Guards Regiment,RS_MABurn,38,5000,775,15000,,375,185,1,45,35,20,15,10,2950,FRONT,,120,1,0.8,,,1,3,400,550,12,45,8,517000,5,20,650,0.15,70,70,"SHIP_WITH_MODULES,CARRIER, COMBAT, NO_AUTO_ESCORT","rs_praetorianorum_bp,auto_rec, codex_unlockable ,crusaders_ma",0.15,0.6,2,CR_traveldrive,666.15
,rs_Tr_5_mainwing_left,Faber main wing,,RS_flarelauncher_ship,1,2500,1000,2500,,250,5,,,,,,,500,NONE,,75,0.4,1.1,,,,,,,,,,,,,,,,,"UNBOARDABLE,HIDE_IN_CODEX","module_unselectable,no_autofit,restricted",1,2,4,CR_traveldrive,667.15
,rs_Tr_5_mainwing_right,Faber main wing,,RS_flarelauncher_ship,1,2500,1000,2500,,250,5,,,,,,,500,NONE,,75,0.4,1.1,,,,,,,,,,,,,,,,,"UNBOARDABLE,HIDE_IN_CODEX","module_unselectable,no_autofit,restricted",1,2,4,CR_traveldrive,667.15
,rs_fiver_subwing_right,Faber aileron,,mine_strike,1,1750,1190,2500,,250,65,3,,,,,,350,NONE,,75,0.4,1.1,,,,,,,,,,,,,,,,,"UNBOARDABLE,HIDE_IN_CODEX, UNDER_PARENT","no_autofit,restricted",1,2,4,,667.15
,rs_fiver_subwing_left,Faber aileron,,mine_strike,1,1750,1190,2500,,250,65,3,,,,,,350,NONE,,75,0.4,1.1,,,,,,,,,,,,,,,,,"UNBOARDABLE,HIDE_IN_CODEX, UNDER_PARENT","no_autofit,restricted",1,2,4,,667.15
,rs_fiver_armowing_right,Faber Armor,,RS_flarelauncher_ship,1,1500,2000,1750,,250,45,,,,,,,200,NONE,,75,0.4,1.1,,,,,,,,,,,,,,,,,"UNBOARDABLE,HIDE_IN_CODEX, UNDER_PARENT","no_autofit,restricted",1,2,4,,667.15
,rs_fiver_armowing_left,Faber Armor,,RS_flarelauncher_ship,1,1500,2000,1750,,250,45,,,,,,,200,NONE,,75,0.4,1.1,,,,,,,,,,,,,,,,,"UNBOARDABLE,HIDE_IN_CODEX, UNDER_PARENT","no_autofit,restricted",1,2,4,,667.15
,rs_fiver_wingengineLeft,Faber engine,,,1,750,1100,1000,,100,5,,,,,,,350,NONE,,75,0.4,1.1,,,,,,,,,,,,,,,,,"UNBOARDABLE,HIDE_IN_CODEX","module_unselectable,no_autofit,restricted",1,2,4,,667.15
,rs_fiver_wingengineRight,Faber engine,,,1,750,1100,1000,,100,5,,,,,,,350,NONE,,75,0.4,1.1,,,,,,,,,,,,,,,,,"UNBOARDABLE,HIDE_IN_CODEX","module_unselectable,no_autofit,restricted",1,2,4,,667.15
,,,,,,,,,,,,,,,,,,,,,,,,,,,,,,,,,,,,,,,,,,,,,,
silver thunder,rs_Tr_6_Inle,strategic mobile armor,Red Stripe Guards Regiment,CR_PhaseVerbJet,175,7500,775,20750,,520,295,4,30,15,15,10,7,4100,FRONT,,120,1,0.8,,,1,3,400,550,12,53,8,3000000,5,20,720,0.15,110,110,"SHIP_WITH_MODULES,CARRIER, COMBAT, NO_AUTO_ESCORT","flagship , codex_unlockable ,crusaders_ma",0.5,0.6,2,CR_traveldrive,666.15
cradle,rs_Tr_Ceadle,boost module,Red Stripe Guards Regiment,mine_strike,5,3500,860,9000,,150,10,,145,35,10,35,15,650,NONE,,120,1,0.8,,,0,0,,,,,,,,,,,,,"UNBOARDABLE,HIDE_IN_CODEX","module_unselectable,no_autofit,restricted",0.4,0.5,2,CR_traveldrive,667.22
,,,,,,,,,,,,,,,,,,,,,,,,,,,,,,,,,,,,,,,,,,,,,,
violet,rs_MSA0011(Bst)303E,Heavy mobile armor,Red Stripe Guards Regiment,RS_WeaponOverloading,24,4750,675,12500,,450,115,,115,85,85,45,45,2500,FRONT,,90,0.9,0.8,,,0,1,50,175,5,28,10,4350000,5,20,500,0.25,40,40,"SHIP_WITH_MODULES, RENDER_ENGINES_BELOW_HULL","sp, codex_unlockable ,crusaders_ma",0.1,0.6,2,Moci_SMALaunchTravelDrive,666.11
Violet main engine unit,rs_MSA0011(Bst)303E_ManEngine,main engine module,,RS_flarelauncher_ship,1,4000,1800,2000,,175,50,,0,0,0,10,10,240,PHASE,flarelauncher_active,,,,,,0,0,0,0,1,0,,500000,,1,,,0,0,"UNBOARDABLE, HIDE_IN_CODEX","module,restricted, no_dealer, no_sell",,,1,Moci_SMALaunchTravelDrive,5007
Violet left additional thruster,rs_MSA0011(Bst)303E_subEngineLeft,boost engine module,,RS_flarelauncher_ship,1,4000,1800,2000,,175,40,,0,0,0,10,10,120,PHASE,flarelauncher_active,,,,,,0,0,0,0,1,0,,500000,,1,,,0,0,"UNBOARDABLE, HIDE_IN_CODEX,RENDER_ENGINES_BELOW_HULL","module,restricted, no_dealer, no_sell",,,1,Moci_SMALaunchTravelDrive,5008
Additional thruster on the right side of Violet,rs_MSA0011(Bst)303E_subEngineRight,boost engine module,,RS_flarelauncher_ship,1,4000,1800,2000,,175,40,,0,0,0,10,10,120,PHASE,flarelauncher_active,,,,,,0,0,0,0,1,0,,500000,,1,,,0,0,"UNBOARDABLE, HIDE_IN_CODEX,RENDER_ENGINES_BELOW_HULL","module,restricted, no_dealer, no_sell",,,1,Moci_SMALaunchTravelDrive,5009
,,,,,,,,,,,,,,,,,,,,,,,,,,,,,,,,,,,,,,,,,,,,,,
Dendrobium,rs_RX78_GP03_D,Heavy mobile armor,Red Stripe Guards Regiment,RS_MABurn,24,4750,725,15000,,375,100,,135,95,95,30,30,2500,FRONT,,90,0.9,0.8,,,0,1,50,175,5,28,10,4350000,5,20,610,0.25,40,40,"SHIP_WITH_MODULES, RENDER_ENGINES_BELOW_HULL","sp, codex_unlockable ,crusaders_ma",0.1,0.6,2,CR_traveldrive,666.12
Dendrobium I Stand Generator,rs_RX78_GP03D_ISheld,I stance generator,,RS_flarelauncher_ship,1,4000,1800,5000,,350,0,,0,0,0,10,10,240,PHASE,flarelauncher_active,,,,,,0,0,0,0,1,0,,500000,,1,,,0,0,"UNBOARDABLE, HIDE_IN_CODEX","module,restricted, no_dealer, no_sell",,,1,CR_traveldrive,5004
Dendrobium left missile rack,rs_RX78_GP03_D_Leftmodule,missile pylon,,RS_flarelauncher_ship,1,4000,1800,2000,,175,40,,0,0,0,10,10,120,PHASE,flarelauncher_active,,,,,,0,0,0,0,1,0,,500000,,1,,,0,0,"UNBOARDABLE, HIDE_IN_CODEX","module,restricted, no_dealer, no_sell",,,1,CR_traveldrive,5004
Dendrobium right missile rack,rs_RX78_GP03_D_Rightmodule,missile pylon,,RS_flarelauncher_ship,1,4000,1800,2000,,175,40,,0,0,0,10,10,120,PHASE,flarelauncher_active,,,,,,0,0,0,0,1,0,,500000,,1,,,0,0,"UNBOARDABLE, HIDE_IN_CODEX","module,restricted, no_dealer, no_sell",,,1,CR_traveldrive,5004
,,,,,,,,,,,,,,,,,,,,,,,,,,,,,,,,,,,,,,,,,,,,,,
,,,,,,,,,,,,,,,,,,,,,,,,,,,,,,,,,,,,,,,,,,,,,,
#knightsexperiment,,,,,,,,,,,,,,,,,,,,,,,,,,,,,,,,,,,,,,,,,,,,,,
arrogant,rs_superbia,light support fighters carrier,Knights Experiment,CR_TargetingLink,12,3570,450,6550,,310,70,2,50,60,48,28,18,1870,OMNI,,120,0.45,0.85,,,75,170,100,200,3,18,9,100000,5,20,225,0.15,15,15,"CARRIER, COMBAT","rs_shiyan_bp,auto_rec, codex_unlockable",0.4,0.6,2,CR_traveldrive,304.12
envy,rs_livoroculorum,bombardment destroyer,Knights Experiment,CR_PhaseVerbJet,12,3700,625,7750,,550,90,,65,50,40,35,22,1750,OMNI,,90,0.45,0.8,,,45,110,80,450,3,18,9,100000,5,20,200,0.15,18,18,,"rs_shiyan_bp,auto_rec, codex_unlockable",0.4,0.6,2,CR_traveldrive,304.13
Tiantu,rs_viadivina,battleship,Knights Experiment,CR_PhaseVerbJet,34,8500,950,26500,,1350,310,,55,25,25,18,12,5250,OMNI,,120,0.45,0.85,,,750,1200,300,500,12,41,9,350000,5,20,790,0.15,70,70,,"rs_shiyan_bp,auto_rec, codex_unlockable",0.3,0.6,2,CR_traveldrive,52.1
steal wings,rs_archons,Assault battlecruiser,Knights Experiment,CR_PhaseVerbJet,28,6500,850,17500,,865,280,3,65,35,25,25,14,3250,FRONT,,120,0.3,0.85,,,430,650,150,250,10,32,9,270000,5,20,570,0.15,50,50,,"rs_shiyan_bp,auto_rec, codex_unlockable",0.3,0.6,2,CR_traveldrive,51.1
Holy Judge,rs_decretumsarum,heavy frontline aircraft carrier,Knights Experiment,CR_DamperBurn,30,8000,1100,17000,,825,340,4,30,28,20,15,10,4100,FRONT,,90,0.3,0.8,,,875,2000,335,400,11,45,9,300000,5,20,700,0.15,55,55,"CARRIER, COMBAT, NO_AUTO_ESCORT","rs_shiyan_bp,auto_rec, codex_unlockable",0.3,0.6,2,CR_traveldrive,53.11
salary king,rs_rexlignorum,heavy carrier-battleship,Knights Experiment,CR_TargetingLink,35,7250,900,19000,,900,290,4,50,30,20,15,7,4250,FRONT,,120,0.3,0.85,,,750,1200,300,450,12,43,9,400000,5,20,700,0.15,60,60,"CARRIER, COMBAT","rs_shiyan_bp,auto_rec, codex_unlockable",0.2,0.6,2,CR_traveldrive,53.1
original sin,rs_damocles,Breaking Dreadnought,Knights Experiment,CR_PhaseVerbJet,60,11000,1000,28500,,1450,325,2,45,20,15,15,10,6000,OMNI,,60,0.5,0.8,,,900,2000,670,2500,15,48,8,1000000,5,20,850,0.15,90,90,,auto_rec,0.1,0.6,2,CR_traveldrive,50.1
,,,,,,,,,,,,,,,,,,,,,,,,,,,,,,,,,,,,,,,,,,,,,,
,,,,,,,,,,,,,,,,,,,,,,,,,,,,,,,,,,,,,,,,,,,,,,
#crusaderplan,,,,,,,,,,,,,,,,,,,,,,,,,,,,,,,,,,,,,,,,,,,,,,
dawn,cr_theonova,Bombardment of battlecruisers,crusade plan,CR_PhaseboostDrive,24,6500,800,16500,,700,220,,45,35,25,35,20,3800,FRONT,,60,0.45,0.6,,,180,900,175,500,7,45,8,630000,5,20,600,0.25,42,42,,"cr_bp,auto_rec ,crusaders, codex_unlockable",0.4,0.8,2,CR_traveldrive,534.4
Yao Guang,cr_theosphany,bombardment battleship,crusade plan,CR_PhaseboostDrive,30,7800,900,23000,,950,285,,40,30,20,30,15,5500,FRONT,,60,0.45,0.6,,,260,1200,225,650,10,52,8,830000,5,20,725,0.25,60,60,,"cr_bp,auto_rec ,crusaders, codex_unlockable",0.3,0.8,2,CR_traveldrive,534.5
Glare,cr_theosolaceon,bombardment cruiser,crusade plan,CR_PhaseboostDrive,10,3500,550,9500,,450,120,2,65,65,50,40,20,2000,FRONT,,60,0.45,0.6,,,90,450,100,350,4.5,33,8,400000,5,20,450,0.25,18,18,,"cr_bp,auto_rec ,crusaders, codex_unlockable",0.6,0.8,2,CR_traveldrive,534.6
shrine,cr_tabernaculum,airspace control aviation hub,crusade plan,CR_TargetingLink,50,9500,1000,26500,,1100,310,6,40,15,10,10,5,7200,OMNI,,90,0.55,0.6,,,475,2200,1750,2100,18,65,8,1170000,5,20,900,0.25,85,85,"SHIP_WITH_MODULES,CARRIER,RENDER_ENGINES_BELOW_HULL","cr_bp,auto_rec ,crusaders, codex_unlockable",0.4,0.8,2,CR_traveldrive,534.70
,cr_tabernaculum_mdule,Aviation module,,CR_TargetingLink,1,2250,1190,10500,,250,60,4,,,,,,750,NONE,,75,0.4,1.1,,,,,,,,,,,,,,,,,"UNBOARDABLE,HIDE_IN_CODEX","no_autofit,restricted",1,2,4,,534.701
Holy Messenger,cr_malakbinger,airspace control aviation pivot,crusade plan,CR_TargetingLink,30,6750,775,18500,,650,285,6,25,10,8,10,5,5200,OMNI,,90,0.55,0.6,,,450,1200,750,1100,15,30,8,970000,5,20,750,0.25,50,50,CARRIER,"cr_bp,auto_rec ,crusaders, codex_unlockable",0.4,0.8,2,CR_traveldrive,534.71
Saint,cr_dogamtiapalatine,airspace control cruiser,crusade plan,CR_TargetingLink,18,4500,475,9950,,475,160,3,40,25,20,15,10,2800,OMNI,,90,0.55,0.6,,,80,300,450,700,5.5,33,8,600000,5,20,600,0.25,22,22,CARRIER,"cr_bp,auto_rec ,crusaders, codex_unlockable",0.4,0.8,2,CR_traveldrive,534.72
Watcher Legion,cr_vigimalachim,air superiority frigate,crusade plan,CR_PhaseDrift,6,650,150,1500,,125,55,,110,90,80,75,70,80,FRONT,,120,0.95,0.85,,,15,25,30,100,1,20,11,36000,10,20,100,0.25,0,0,"UNBOARDABLE, HIDE_IN_CODEX","no_autofit ,restricted, no_dealer, no_sell",,0.5,2,CR_traveldrive,534.73
Michelangelo,cr_michaelangelus,heavy carrier-battleship,crusade plan,CR_PhaseVerbJet,45,10000,1250,24000,,1000,310,8,45,20,15,15,8,7000,OMNI,,120,0.55,0.65,,,600,1700,800,900,14,60,8,950000,5,20,800,0.25,66,66,"CARRIER, COMBAT","cr_bp,auto_rec ,crusaders, codex_unlockable",0.2,0.8,2,CR_traveldrive,534.80
Dante,cr_dantealighieri,carrier-battleship,crusade plan,CR_DamperBurn,35,9250,1150,22500,,1000,310,4,55,30,25,20,10,6000,FRONT,,90,0.45,0.6,,,600,1350,650,700,12,55,8,890000,5,20,750,0.25,58,58,,"cr_bp,auto_rec ,crusaders, codex_unlockable",0.3,0.8,2,CR_traveldrive,534.81
da Vinci,cr_davinci,aviation cruiser,crusade plan,CR_TargetingLink,18,4000,875,10750,,675,160,3,70,55,45,20,25,2750,FRONT,,120,0.45,0.65,,,135,650,350,425,7,40,8,600000,5,20,425,0.25,24,24,"CARRIER, COMBAT","cr_bp,auto_rec ,crusaders, codex_unlockable",0.6,0.8,2,CR_traveldrive,534.82
Raphael,cr_raffaello,heavy destroyer,crusade plan,RS_FortressShieldStats,6,2750,575,5200,,275,90,1,80,35,25,25,18,600,FRONT,,90,0.45,0.6,,,75,120,100,245,3,25,9,89000,5,20,350,0.25,13,13,,"cr_bp,auto_rec ,crusaders, codex_unlockable",0.4,0.8,2,CR_traveldrive,534.83
Holy Lance,cr_hastadiparaoxa,assault cruiser,crusade plan,CR_PhaseCrossing,20,4000,650,10000,,550,155,,75,50,40,20,35,2500,OMNI,,120,0.55,0.65,,,90,450,175,425,4.5,33,8,400000,5,20,375,0.75,28,28,,"cr_bp,auto_rec ,crusaders, codex_unlockable",0.3,0.8,2,CR_traveldrive,534.91
Holy Shield,cr_scutumfidei,assault battlecruiser,crusade plan,CR_DamperBurn,28,6750,850,18000,,900,260,,60,45,30,25,20,3850,OMNI,,120,0.55,0.65,,,180,900,200,500,7,45,8,630000,5,20,500,0.25,36,36,,"cr_bp,auto_rec ,crusaders, codex_unlockable",0.5,0.8,2,CR_traveldrive,534.92
silver dagger,cr_gladiusargentidivinmus,Phase Breaker,crusade plan,CR_PhaseDrift,20,3500,550,9750,,450,165,,70,35,75,25,35,2500,PHASE,phasecloak,90,,,0.1,0.12,90,245,75,350,5,30,8,480000,5,20,225,0.25,35,35,PHASE,"cr_bp,auto_rec ,crusaders, codex_unlockable",0.5,0.8,2,CR_traveldrive,534.93
silver gun,cr_hastaargentidivinus,Assault battlecruiser,crusade plan,CR_PhaseDrift,28,6150,775,17000,,795,255,,55,40,50,20,20,3900,OMNI,,120,0.6,0.65,,,180,600,200,400,7,45,8,600000,5,20,550,0.25,45,45,,"cr_bp,auto_rec ,crusaders, codex_unlockable",0.5,0.8,2,CR_traveldrive,534.94
,,,,,,,,,,,,,,,,,,,,,,,,,,,,,,,,,,,,,,,,,,,,,,
#crusaderplanflagship,,,,,,,,,,,,,,,,,,,,,,,,,,,,,,,,,,,,,,,,,,,,,,
throne of space,cr_richathaoirnabande,Fleet Airspace Control Fulcrum,crusade plan,CR_DamperBurn,100,14500,750,27500,,1000,375,10,20,8,15,15,5,7890,FRONT,,120,0.8,0.7,,,210,3500,5000,7500,15,60,8,4500000,5,20,1200,0.75,120,120,"SHIP_WITH_MODULES,HIDE_IN_CODEX,CARRIER, COMBAT","flagship ,auto_rec,crusaders, codex_unlockable",0.5,0.8,3,CR_traveldrive,536.91
Alpha fire unit left,cr_banshee_module1L,throne fire unit,crusade plan,mine_strike,1,4500,700,10000,,450,55,,0,0,0,10,10,375,NONE,,,,,,,0,25,0,0,1,0,,5000,,1,,,0,0,"UNBOARDABLE, HIDE_IN_CODEX","module,restricted, no_dealer, no_sell",,0.5,2,CR_traveldrive,636.92
Alpha fire unit right,cr_banshee_module1R,throne fire unit,crusade plan,mine_strike,1,4500,700,10000,,450,55,,0,0,0,10,10,375,NONE,,,,,,,0,25,0,0,1,0,,5000,,1,,,0,0,"UNBOARDABLE, HIDE_IN_CODEX","module,restricted, no_dealer, no_sell",,0.5,2,CR_traveldrive,636.93
Beta fire unit left,cr_banshee_module2L,throne fire unit,crusade plan,mine_strike,1,4500,700,10000,,450,40,,0,0,0,10,10,375,NONE,,,,,,,0,25,0,0,1,0,,5000,,1,,,0,0,"UNBOARDABLE, HIDE_IN_CODEX","module,restricted, no_dealer, no_sell",,0.5,2,CR_traveldrive,636.94
Beta fire unit right,cr_banshee_module2R,throne fire unit,crusade plan,mine_strike,1,4500,700,10000,,450,40,,0,0,0,10,10,375,NONE,,,,,,,0,25,0,0,1,0,,5000,,1,,,0,0,"UNBOARDABLE, HIDE_IN_CODEX","module,restricted, no_dealer, no_sell",,0.5,2,CR_traveldrive,636.95
|Fire Unit Left,cr_banshee_module3L,throne fire unit,crusade plan,mine_strike,1,4500,700,10000,,450,35,,0,0,0,10,10,375,NONE,,,,,,,0,25,0,0,1,0,,5000,,1,,,0,0,"UNBOARDABLE, HIDE_IN_CODEX","module,restricted, no_dealer, no_sell",,0.5,2,CR_traveldrive,636.96
|Fire Unit Right,cr_banshee_module3R,throne fire unit,crusade plan,mine_strike,1,4500,700,10000,,450,35,,0,0,0,10,10,375,NONE,,,,,,,0,25,0,0,1,0,,5000,,1,,,0,0,"UNBOARDABLE, HIDE_IN_CODEX","module,restricted, no_dealer, no_sell",,0.5,2,CR_traveldrive,636.97
Yukikaze,cr_yukikaze,Specialized electronic warfare air superiority aircraft,crusade plan,CR_PhaseVerbJet,20,3500,350,11000,,350,110,,175,200,200,115,145,375,PHASE,Yukikaze_boost,,,,,,0,1,5,100,2,15,9,100000000,5,20,450,0.75,40,40,HIDE_IN_CODEX,"auto_rec,crusaders",0.5,0.8,3,Moci_SMALaunchTravelDrive,636.9
#swearer,,,,,,,,,,,,,,,,,,,,,,,,,,,,,,,,,,,,,,,,,,,,,,
Traj,vow_VMS_12,small mobile armor,oath taker design,RS_MABurn,7,1100,350,4700,,175,20,,120,110,35,50,70,110,FRONT,,120,1,0.8,,,1,1,10,10,1,10,11,36000,10,20,130,0.5,9,6,RENDER_ENGINES_BELOW_HULL,"vownor_bp,no_autofit, codex_unlockable ,crusaders_ma",0.4,0.5,2,Moci_SMALaunchTravelDrive,676.01
Bazam,vow_VMS_14,Multipurpose mobile weapons,oath taker design,CR_PhaseVerbJet,12,2100,550,7500,,350,80,,100,85,85,60,60,575,FRONT,,120,1,0.8,,,1,2,15,30,1,12,11,135000,10,20,225,0.5,15,10,RENDER_ENGINES_BELOW_HULL,"auto_rec ,vownor_bp, codex_unlockable ,crusaders_ma",0.3,0.5,2,Moci_SMALaunchTravelDrive,676.02
Haize,vow_VMS_15,Elite mobile weapons,oath taker design,CR_PhaseboostDrive,18,2450,670,9350,,325,90,,100,110,110,75,65,1150,FRONT,,120,1,0.8,,,1,1,15,30,1,12,11,205000,10,20,275,0.5,20,15,RENDER_ENGINES_BELOW_HULL,"no_autofit ,vownor_bp, codex_unlockable ,crusaders_ma",0.4,0.5,2,Moci_SMALaunchTravelDrive,676.03
,,,,,,,,,,,,,,,,,,,,,,,,,,,,,,,,,,,,,,,,,,,,,,
pious,vow_piafides,aviation cruiser,oath taker design,CR_TargetingLink,18,3720,450,7500,,475,125,3,75,65,40,55,35,1800,OMNI,,90,0.5,0.6,,,125,250,250,350,6,28,9,400000,5,20,470,0.25,20,20,"RENDER_ENGINES_BELOW_HULL,CARRIER, COMBAT","vownor_bp,auto_rec, codex_unlockable",0.4,0.8,2,CR_traveldrive,536.11
test,vow_tentatio,Large phase cruiser,oath taker design,CR_PhaseDrift,2-,4200,400,13500,,600,175,3,80,60,45,45,25,2950,PHASE,phasecloak,120,,,-0.4,0.15,75,180,200,500,6,30,9,460000,5,20,650,0.25,45,45,"PHASE,CARRIER, COMBAT","vownor_bp,auto_rec, codex_unlockable",0.4,0.8,2,CR_traveldrive,536.12
Admonition,vow_admonitio,multipurpose aircraft carrier,oath taker design,CR_TargetingLink,22,4650,525,12900,,550,255,5,55,40,20,20,15,3400,OMNI,,120,0.75,0.6,,,245,475,550,600,7,35,9,500000,5,20,650,0.25,35,35,"CARRIER, COMBAT","vownor_bp,auto_rec, codex_unlockable",0.4,0.8,2,CR_traveldrive,536.13
Discipline,vow_disciplina,battlecruiser,oath taker design,RS_WeaponOverloading,24,5200,650,14500,,700,265,,60,40,20,25,18,2850,OMNI,,90,0.5,0.6,,,110,220,200,650,8,38,9,500000,5,20,575,0.25,38,38,,"vownor_bp,auto_rec, codex_unlockable",0.4,0.8,2,CR_traveldrive,536.14
punish,vow_castigatio,high speed battleship,oath taker design,CR_PhaseDrift,28,6000,550,16500,,675,285,3,55,50,30,30,20,3500,OMNI,,120,0.75,0.6,,,175,320,450,670,9,46,9,600000,5,20,620,0.25,46,46,,"vownor_bp,auto_rec, codex_unlockable",0.4,0.8,2,CR_traveldrive,536.15
annihilate,vow_perditio,high speed dreadnought,oath taker design,CR_PhaseDrift,40,7750,625,20000,,870,300,5,40,60,20,25,15,5000,OMNI,,120,0.75,0.6,,,250,800,450,700,11,54,9,800000,5,20,620,0.25,74,74,"RENDER_ENGINES_BELOW_HULL,CARRIER, COMBAT","vownor_bp,auto_rec, codex_unlockable",0.4,0.8,2,CR_traveldrive,536.16
,,,,,,,,,,,,,,,,,,,,,,,,,,,,,,,,,,,,,,,,,,,,,,
Michaela,vow_mikael,heavy destroyer,oath taker design,CR_PhaseCrossing,18,6000,450,9000,,550,150,,95,65,55,70,45,1975,FRONT,,120,0.65,0.6,,,275,390,100,350,6,38,8,400000,5,20,410,0.25,15,15,SHIP_WITH_MODULES,"auto_rec, codex_unlockable",0.4,0.8,2,CR_traveldrive,535.11
Michaela left wing module,vow_mikael_Leftwingmoudle,wing armed module,oath taker design,,,2100,200,14500,,100,,,0,0,0,0,0,375,NONE,,,,,,,0,0,0,0,1,0,,5000,,1,,,0,0,"UNBOARDABLE, HIDE_IN_CODEX","module_unselectable,restricted, no_dealer, no_sell,module",,0.5,2,CR_traveldrive,535.12
Michaela right wing module,vow_mikael_Rightwingmoudle,wing armed module,oath taker design,,,2100,200,14500,,100,,,0,0,0,0,0,375,NONE,,,,,,,0,0,0,0,1,0,,5000,,1,,,0,0,"UNBOARDABLE, HIDE_IN_CODEX","module_unselectable,restricted, no_dealer, no_sell,module",,0.5,2,CR_traveldrive,535.13
,,,,,,,,,,,,,,,,,,,,,,,,,,,,,,,,,,,,,,,,,,,,,,
#crusaderplan/special,,,,,,,,,,,,,,,,,,,,,,,,,,,,,,,,,,,,,,,,,,,,,,
Aurora,cr_aurora,mirage battleship,Crusader Plan (unique),CR_PhaseVerbJet,35,7500,800,23500,,1000,275,2,55,50,45,30,15,5100,PHASE,CR_AuroraUtrennyaya,,,,,,300,650,700,2400,12,50,9,890000,5,20,750,0.25,60,60,HIDE_IN_CODEX,,,0.8,2,,555.1
turbulent flow,cr_turbulenz,assault battlecruiser,Crusader Plan (unique),CR_PhaseboostDrive,28,6500,700,20000,,900,280,,70,65,50,45,20,4350,OMNI,,60,0.1,0.6,,,140,400,900,3000,12,40,9,800000,5,20,700,0.25,50,50,HIDE_IN_CODEX,,,0.8,2,,555.2
,,,,,,,,,,,,,,,,,,,,,,,,,,,,,,,,,,,,,,,,,,,,,,
#overlord,,,,,,,,,,,,,,,,,,,,,,,,,,,,,,,,,,,,,,,,,,,,,,
Authority,rs_XIV_Exousia,strategic aviation hub,Knights foreign trade,reservewing,80,6000,1200,20000,,700,200,2,20,5,5,7,5,1500,OMNI,,90,0.65,0.8,,,1100,3000,1250,2250,15,80,7,1170000,3,20,900,0.25,120,120,"SHIP_WITH_MODULES,CARRIER, COMBAT ,HIDE_IN_CODEX","hegemony, rare_bp ,rs_trade_bp, codex_unlockable",0.4,0.5,2,CR_traveldrive,636.92
Authority left hangar module,rs_XIV_Exousia_Left_Deck,authority hangar unit,Knights foreign trade,drone_pd,1,7500,1200,14500,,450,150,3,0,0,0,10,10,1750,PHASE,canister_flak,,,,,,0,25,0,0,1,0,,5000,,1,,,0,0,"UNBOARDABLE, HIDE_IN_CODEX","module,restricted, no_dealer, no_sell",,0.5,2,CR_traveldrive,636.92
Right hangar module of authority,rs_XIV_Exousia_Right_Deck,authority hangar unit,Knights foreign trade,drone_pd,1,7500,1200,14500,,450,150,3,0,0,0,10,10,1750,PHASE,canister_flak,,,,,,0,25,0,0,1,0,,5000,,1,,,0,0,"UNBOARDABLE, HIDE_IN_CODEX","module,restricted, no_dealer, no_sell",,0.5,2,CR_traveldrive,636.92
Authority left engine module,rs_XIV_Exousia_Left_Engine,Authority engine unit,Knights foreign trade,drone_pd,1,7500,1000,14500,,450,120,3,0,0,0,10,10,1750,PHASE,canister_flak,,,,,,0,25,0,0,1,0,,5000,,1,,,0,0,"UNBOARDABLE, HIDE_IN_CODEX","module,restricted, no_dealer, no_sell",,0.5,2,CR_traveldrive,636.92
Right engine module of authority,rs_XIV_Exousia_Right_Engine,Authority engine unit,Knights foreign trade,drone_pd,1,7500,1000,14500,,450,120,3,0,0,0,10,10,1750,PHASE,canister_flak,,,,,,0,25,0,0,1,0,,5000,,1,,,0,0,"UNBOARDABLE, HIDE_IN_CODEX","module,restricted, no_dealer, no_sell",,0.5,2,CR_traveldrive,636.92
,,,,,,,,,,,,,,,,,,,,,,,,,,,,,,,,,,,,,,,,,,,,,,
#afterglow,,,,,,,,,,,,,,,,,,,,,,,,,,,,,,,,,,,,,,,,,,,,,,
Matthew,crr_mathew,unmanned aerial battleship,Afterglow Transformation,CR_PhaseVerbJet,28,15000,1200,17500,,900,285,4,50,24,20,12,8,4150,FRONT,,120,0.4,0.8,,,0,0,350,450,12,45,8,578000,3,20,700,0.25,50,50,"CARRIER, COMBAT ,HIDE_IN_CODEX","remnant, auto_rec, codex_unlockable",0.5,0.4,2,,507.1
Xinxing-special type,crr_nova_mk2,Modification of unmanned battlecruiser,Afterglow Transformation,CR_DamperBurn,24,12000,1000,18000,,1000,280,2,85,70,60,20,15,3200,OMNI,,90,0.6,0.6,,,0,0,150,300,10,30,9,450000,3,20,600,0.25,40,40,HIDE_IN_CODEX,"remnant, auto_rec, codex_unlockable",0.5,0.4,2,,507.2
Refractive-special type,crr_apex_mk2,Transforming an unmanned large cruiser,Afterglow Transformation,RS_WeaponOverloading,20,10000,1100,13000,,550,165,6,50,35,30,12,20,3000,FRONT,,180,1.0,0.6,,,0,0,120,90,3,30,9,350000,3,20,500,0.25,30,30,HIDE_IN_CODEX,"remnant, auto_rec, codex_unlockable",0.5,0.4,2,,507.3
Aurora-special type,crr_aurora,Modification of unmanned cruiser,Afterglow Transformation,CR_PhaseDrift,24,8000,800,12500,,800,170,1,90,50,25,25,25,2000,OMNI,,180,0.8,0.6,,,0,0,150,300,10,30,9,350000,3,20,600,0.25,35,35,HIDE_IN_CODEX,"remnant, auto_rec, codex_unlockable",0.5,0.4,2,,507.4
,,,,,,,,,,,,,,,,,,,,,,,,,,,,,,,,,,,,,,,,,,,,,,
#lionheartguard,,,,,,,,,,,,,,,,,,,,,,,,,,,,,,,,,,,,,,,,,,,,,,
Inquisitor,rs_judex,Strike the Dreadnought,Knights foreign trade,CR_PhaseCrossing,35,9500,925,21750,,800,440,,40,24,18,10,8,5540,FRONT,,50,0.6,0.8,,,650,1190,400,400,16,55,7,970000,3,20,810,0.25,68,68,HIDE_IN_CODEX,"sindrian_diktat, rare_bp ,rs_trade_bp, codex_unlockable",0.3,0.4,2,CR_traveldrive,509.1
,,,,,,,,,,,,,,,,,,,,,,,,,,,,,,,,,,,,,,,,,,,,,,
#speedzitech,,,,,,,,,,,,,,,,,,,,,,,,,,,,,,,,,,,,,,,,,,,,,,
omen flower,rs_daturadiaboli,Electronic warfare specialized battlecruiser,Knights foreign trade,RS_fluxexchange,28,6150,475,14350,,2150,245,2,42,24,20,15,10,4765,FRONT,,150,0.5,0.8,,,115,455,275,375,10,45,7,1150000,3,20,710,0.25,55,55,"CARRIER, COMBAT ,HIDE_IN_CODEX","rare_bp, merc ,rs_trade_bp, codex_unlockable",0.2,0.4,2,CR_traveldrive,509.11
,,,,,,,,,,,,,,,,,,,,,,,,,,,,,,,,,,,,,,,,,,,,,,
#PerseusUnion,,,,,,,,,,,,,,,,,,,,,,,,,,,,,,,,,,,,,,,,,,,,,,
anchor,rs_ancoraidei,guerrilla dreadnought,Knights foreign trade,CR_PhaseDrift,35,8700,850,21000,,1000,400,,45,26,20,15,10,52000,OMNI,,120,0.5,1.2,,,475,1100,350,450,14,50,7,900000,3,20,800,0.25,70,70,HIDE_IN_CODEX,"rare_bp, merc ,rs_trade_bp",0.2,0.4,2,CR_traveldrive,509.12
,,,,,,,,,,,,,,,,,,,,,,,,,,,,,,,,,,,,,,,,,,,,,,
#fighter,,,,,,,,,,,,,,,,,,,,,,,,,,,,,,,,,,,,,,,,,,,,,,
Ember Guard,rs_vigifavilla,Super heavy unmanned support fighters,Knights Experiment,CR_PhaseVerbJet,,750,150,2000,,100,40,,150,80,60,30,25,120,FRONT,,360,0,0.5,,,0,0,,,,,,,,,,,,,,,,0,,,117.012
,,,,,,,,,,,,,,,,,,,,,,,,,,,,,,,,,,,,,,,,,,,,,,
Garuda,rs_garuda,,red stripe knights,CR_PhaseboostDrive,,350,25,650,,50,40,,175,275,250,75,180,30,FRONT,,120,0,0.8,,,0,2,,,,,,,,,,,,,,,,,,,
Griffin,rs_griffon,,red stripe knights,RS_flarelauncher_fighter,,350,50,400,,50,40,,215,300,300,90,180,30,FRONT,,120,0,1,,,0,1,,,,,,,,,,,,,,,,,,,
golden eagle,rs_aquilachrysaetos,,red stripe knights,RS_WeaponOverloading,,150,30,300,,50,40,,225,350,350,100,240,30,FRONT,,0,0,1,,,0,0,,,,,,,,,,,,,,,,,,,
snowy owl,rs_buboscandiacus,,Knights Experiment,Support_minestrike,,450,50,275,,50,40,,160,240,215,60,150,30,FRONT,,120,0,0.8,,,0,0,,,,,,,,,,,,,,,,,,,
peregrine falcon,rs_falcoperegrinus,,Knights Experiment,CR_PhaseboostDrive,,175,20,450,,50,40,,225,350,350,100,240,30,FRONT,,90,0,1,,,0,0,,,,,,,,,,,,,,,,,,,
vulture,rs_gypsfulvus,,Knights Experiment,RS_flarelauncher_fighter,,275,50,315,,50,40,,165,250,250,75,180,30,FRONT,,120,0,1,,,0,1,,,,,,,,,,,,,,,,,,,
snake vulture,rs_sagittariusserpentarius,,Knights Experiment,RS_WeaponOverloading,,350,35,575,,50,40,,165,260,250,75,180,30,FRONT,,90,0,0.8,,,0,2,,,,,,,,,,,,,,,,,,,
Pegasus,rs_pegasus,,Knights Experiment,CR_PhaseboostDrive,,425,30,775,,50,40,,225,180,210,100,100,65,OMNI,,90,1,0.8,,,1,2,,,,,,,,,,,,,,,,,,,
harpy,rs_harpyia,,Knights Experiment,CR_PhaseVerbJet,,475,75,900,,50,40,,180,175,145,60,150,85,OMNI,,90,1,1,,,1,3,,,,,,,,,,,,,,,,,,,
missile launch drone,rs_drone_fighter,,Red Stripe Guards Regiment,RS_WeaponOverloading,,150,35,675,,50,40,,275,350,350,120,240,25,FRONT,,90,0,1,,,0,0,,,,,,,,,,,,,,,,,,,
thunderbird,rs_thunderbird,,Red Stripe Guards Regiment,RS_HeavyGunShip_Drone,,775,375,2250,,350,50,,135,220,220,100,175,150,FRONT,,150,0,0.8,,,2,5,,,,,,,,,,,,,,,,,,,
,,,,,,,,,,,,,,,,,,,,,,,,,,,,,,,,,,,,,,,,,,,,,,
refute,rs_disputatio,,Red Stripe Guards Regiment,RS_flarelauncher_fighter,,150,15,175,,50,0,,260,275,275,120,200,45,OMNI,,120,1,1,,,0,1,,,,,,,,,,,,,,,,,,,
Appeal,rs_appellatio,,Red Stripe Guards Regiment,RS_WeaponOverloading,,225,45,300,,50,0,,230,225,225,110,175,65,OMNI,,120,1,1,,,1,2,,,,,,,,,,,,,,,,,,,
criticism,rs_confutatio,,Red Stripe Guards Regiment,RS_MABurn,,275,75,375,,50,0,,175,200,200,100,150,75,OMNI,,120,1,1,,,1,2,,,,,,,,,,,,,,,,,,,
Kihar (Fighter),rs_Tr_3_fighter,,Red Stripe Guards Regiment,RS_WeaponOverloading,,575,275,3600,,225,50,,175,140,140,85,75,95,FRONT,,120,1,0.8,,,1,1,,,,,,,,,,,,,,,,,,,
,,,,,,,,,,,,,,,,,,,,,,,,,,,,,,,,,,,,,,,,,,,,,,
Elmo,vow_elmo,,oath taker design,RS_flarelauncher_fighter,,75,35,175,,50,0,,245,275,275,150,250,45,NONE,,120,1,1,,,0,1,,,,,,,,,,,,,,,,,,,
Bonnard,vow_boanerges,,oath taker design,RS_WeaponOverloading,,275,60,575,,50,0,,210,200,200,120,225,75,OMNI,,120,1,1,,,0,2,,,,,,,,,,,,,,,,,,,
Uriel,vow_uriel,,oath taker design,VOW_HeavyGunShip_Drone,,500,250,1750,,350,50,,160,220,220,120,200,150,FRONT,,150,0,0.8,,,2,4,,,,,,,,,,,,,,,,,,,
Seraphine,vow_seraphim,,oath taker design,VOW_HeavyGunShip_Drone,,450,250,1500,,350,50,,175,250,220,80,80,180,OMNI,,240,0,0.8,,,1,3,,,,,,,,,,,,,,,,,,,
,,,,,,,,,,,,,,,,,,,,,,,,,,,,,,,,,,,,,,,,,,,,,,
FA1 Adenophora,cr_FA1,,crusade plan,RS_flarelauncher_fighter,,250,40,275,,50,40,,250,250,250,100,180,30,FRONT,,120,0,1,,,0,1,,,,,,,,,,,,,,,,,,,
FA2 Aster spp.,cr_FA2,,crusade plan,RS_flarelauncher_fighter,,200,20,300,,50,40,,225,310,310,120,220,25,FRONT,,120,0,1,,,0,1,,,,,,,,,,,,,,,,,,,
FFR31 Artemisia,cr_FFR31,,crusade plan,CR_PhaseVerbJet,,350,50,400,,50,40,,240,225,225,110,200,50,FRONT,,120,0,0.8,,,0,2,,,,,,,,,,,,,,,,,,,
FFR31MR Lagerstroemia,cr_FFR31MR,,crusade plan,CR_PhaseVerbJet,,450,75,900,,50,40,,275,240,240,115,210,70,OMNI,,120,1,0.8,,,0,2,,,,,,,,,,,,,,,,,,,
,,,,,,,,,,,,,,,,,,,,,,,,,,,,,,,,,,,,,,,,,,,,,,
,,,,,,,,,,,,,,,,,,,,,,,,,,,,,,,,,,,,,,,,,,,,,,
,,,,,,,,,,,,,,,,,,,,,,,,,,,,,,,,,,,,,,,,,,,,,,
,,,,,,,,,,,,,,,,,,,,,,,,,,,,,,,,,,,,,,,,,,,,,,
,,,,,,,,,,,,,,,,,,,,,,,,,,,,,,,,,,,,,,,,,,,,,,
,,,,,,,,,,,,,,,,,,,,,,,,,,,,,,,,,,,,,,,,,,,,,,
,,,,,,,,,,,,,,,,,,,,,,,,,,,,,,,,,,,,,,,,,,,,,,
,,,,,,,,,,,,,,,,,,,,,,,,,,,,,,,,,,,,,,,,,,,,,,
,,,,,,,,,,,,,,,,,,,,,,,,,,,,,,,,,,,,,,,,,,,,,,
,,,,,,,,,,,,,,,,,,,,,,,,,,,,,,,,,,,,,,,,,,,,,,
,,,,,,,,,,,,,,,,,,,,,,,,,,,,,,,,,,,,,,,,,,,,,,
,,,,,,,,,,,,,,,,,,,,,,,,,,,,,,,,,,,,,,,,,,,,,,
,,,,,,,,,,,,,,,,,,,,,,,,,,,,,,,,,,,,,,,,,,,,,,
,,,,,,,,,,,,,,,,,,,,,,,,,,,,,,,,,,,,,,,,,,,,,,
,,,,,,,,,,,,,,,,,,,,,,,,,,,,,,,,,,,,,,,,,,,,,,
,,,,,,,,,,,,,,,,,,,,,,,,,,,,,,,,,,,,,,,,,,,,,,
,,,,,,,,,,,,,,,,,,,,,,,,,,,,,,,,,,,,,,,,,,,,,,
,,,,,,,,,,,,,,,,,,,,,,,,,,,,,,,,,,,,,,,,,,,,,,
,,,,,,,,,,,,,,,,,,,,,,,,,,,,,,,,,,,,,,,,,,,,,,
,,,,,,,,,,,,,,,,,,,,,,,,,,,,,,,,,,,,,,,,,,,,,,
,,,,,,,,,,,,,,,,,,,,,,,,,,,,,,,,,,,,,,,,,,,,,,
,,,,,,,,,,,,,,,,,,,,,,,,,,,,,,,,,,,,,,,,,,,,,,
,,,,,,,,,,,,,,,,,,,,,,,,,,,,,,,,,,,,,,,,,,,,,,
,,,,,,,,,,,,,,,,,,,,,,,,,,,,,,,,,,,,,,,,,,,,,,
,,,,,,,,,,,,,,,,,,,,,,,,,,,,,,,,,,,,,,,,,,,,,,
,,,,,,,,,,,,,,,,,,,,,,,,,,,,,,,,,,,,,,,,,,,,,,
,,,,,,,,,,,,,,,,,,,,,,,,,,,,,,,,,,,,,,,,,,,,,,
,,,,,,,,,,,,,,,,,,,,,,,,,,,,,,,,,,,,,,,,,,,,,,
,,,,,,,,,,,,,,,,,,,,,,,,,,,,,,,,,,,,,,,,,,,,,,
,,,,,,,,,,,,,,,,,,,,,,,,,,,,,,,,,,,,,,,,,,,,,,
,,,,,,,,,,,,,,,,,,,,,,,,,,,,,,,,,,,,,,,,,,,,,,
,,,,,,,,,,,,,,,,,,,,,,,,,,,,,,,,,,,,,,,,,,,,,,
,,,,,,,,,,,,,,,,,,,,,,,,,,,,,,,,,,,,,,,,,,,,,,
,,,,,,,,,,,,,,,,,,,,,,,,,,,,,,,,,,,,,,,,,,,,,,
,,,,,,,,,,,,,,,,,,,,,,,,,,,,,,,,,,,,,,,,,,,,,,
,,,,,,,,,,,,,,,,,,,,,,,,,,,,,,,,,,,,,,,,,,,,,,
,,,,,,,,,,,,,,,,,,,,,,,,,,,,,,,,,,,,,,,,,,,,,,
,,,,,,,,,,,,,,,,,,,,,,,,,,,,,,,,,,,,,,,,,,,,,,
,,,,,,,,,,,,,,,,,,,,,,,,,,,,,,,,,,,,,,,,,,,,,,
,,,,,,,,,,,,,,,,,,,,,,,,,,,,,,,,,,,,,,,,,,,,,,
,,,,,,,,,,,,,,,,,,,,,,,,,,,,,,,,,,,,,,,,,,,,,,
,,,,,,,,,,,,,,,,,,,,,,,,,,,,,,,,,,,,,,,,,,,,,,
,,,,,,,,,,,,,,,,,,,,,,,,,,,,,,,,,,,,,,,,,,,,,,
,,,,,,,,,,,,,,,,,,,,,,,,,,,,,,,,,,,,,,,,,,,,,,
,,,,,,,,,,,,,,,,,,,,,,,,,,,,,,,,,,,,,,,,,,,,,,
,,,,,,,,,,,,,,,,,,,,,,,,,,,,,,,,,,,,,,,,,,,,,,
,,,,,,,,,,,,,,,,,,,,,,,,,,,,,,,,,,,,,,,,,,,,,,
,,,,,,,,,,,,,,,,,,,,,,,,,,,,,,,,,,,,,,,,,,,,,,
,,,,,,,,,,,,,,,,,,,,,,,,,,,,,,,,,,,,,,,,,,,,,,
