name,id,tier,rarity,tech/manufacturer,tags,uiTags,base value,unlocked,hidden,hiddenEverywhere,cost_frigate,cost_dest,cost_cruiser,cost_capital,script,desc,short,sModDesc,sprite
Red Stripe Knights,RS_Redstripe,,,Knights Technology,"codex_unlockable, special",,,,TRUE,,0,0,0,0,data.hullmods.RS_Redstripe,"Provides adaptive modifications to ships according to their combat needs. The ship's armor, flux capacity, flux dissipation, and maneuverability are improved, but at the expense of shield efficiency.",,,graphics/hullmods/RS_Redstripe.png
Oathkeeper Design,VOW_DesignSystem,,,Knights Technology,"codex_unlockable, special",,,,TRUE,,0,0,0,0,data.hullmods.VOW.VOW_DesignSystem,"Ships of this design are geared towards mobile guerrilla warfare. They feature simple construction and multi-role utility, but are ill-suited for sustained high-intensity combat. Although the hull is fragile, maintenance is straightforward.
Repair speed is increased by %s, repair supplies recovery cost is reduced by %s, and its Electronic Warfare rating is increased by %s, but the rate of Combat Readiness degradation in combat is increased by %s.
Furthermore, the ship is equipped with signature-masking systems, reducing its sensor profile by %s and reducing the fleet's detected range.",,,
#universalkit,,,,,,,,,,,,,,,,,,,
Energy Projection Computing Array,EnergyTargetCognetrix,0,,Knights Technology,"codex_unlockable, offensive, merc, standard,crusaders",arms,5000,TRUE,,,6,10,15,25,data.hullmods.EnergyTargetCognetrix,"A specially modified positioning array dedicated to energy weapon projection. While it increases the range of ballistic weapons by %s, it also increases the range of energy weapons by %s for fighters, %s for frigates, %s for destroyers, %s for cruisers, and %s for capital ships. Incompatible with Dedicated Targeting Core, Advanced Optics, and Integrated Targeting Unit.",,Integrate the computing array into the ship's central command system to increase the damage of the ship's energy weapons by an additional %s,graphics/hullmods/EnergyTargetCognetrix.png
Mass Projection Computing Array,BallisticTargetCognetrix,0,,Knights Technology,"codex_unlockable, offensive, merc, standard,crusaders",arms,5000,TRUE,,,6,10,15,25,data.hullmods.BallisticTargetCognetrix,"A specially modified positioning array dedicated to ballistic weapon projection. While it increases the range of energy weapons by %s, it also increases the range of ballistic weapons by %s for fighters, %s for frigates, %s for destroyers, %s for cruisers, and %s for capital ships. Incompatible with Dedicated Targeting Core, Advanced Optics, and Integrated Targeting Unit.",,Integrate the computing array into the ship's central command system to increase the damage of the ship's ballistic weapons by an additional %s,graphics/hullmods/BallisticTargetCognetrix.png
Universal Rangefinder,UniversalRangeFinder,2,,Knights Technology,"codex_unlockable, offensive, merc, standard,crusaders",arms,8000,,TRUE,,5,10,15,25,data.hullmods.UniversalRangeFinder,Integrated weapon range across the ship.,Integrated weapon range across the ship.,"The computing system is fully integrated into the ship frame. The sophisticated energy computing system reduces the flux cost of ballistic and energy weapons by %s and increases their rate of fire by %s, but at the cost of a %s reduction in damage.",graphics/hullmods/universial_rangefinder.png
,,,,,,,,,,,,,,,,,,,
#powerstrengtheningplugin,,,,,,,,,,,,,,,,,,,
Fire Control Upgrade,CR_ImprovedWeaponControlling,2,,Energy Core-Expansion,"codex_unlockable, offensive,  crusaders",Expand and upgrade,10000,,,,4,8,12,16,data.hullmods.Installable.CR_ImprovedWeaponControlling,"Upgrades the ship's fire control systems, increasing the weapon turn rate of turrets by %s, reducing recoil of non-missile weapons by %s, increasing non-missile weapon range by %s, and reducing flux generated by non-missile weapons by %s.",,Additional increase to %s auto-fire accuracy and projectile velocity of ballistic weapons.,graphics/hullmods/CR_ImprovedWeaponControlling.png
Fighter Forge Overload,CR_FighterProducingOverloading,2,,Energy Core-Expansion,"codex_unlockable, offensive,  crusaders",Expand and upgrade,10000,,,,4,8,12,16,data.hullmods.Installable.CR_FighterProducingOverloading,"When the number of fighter aircraft falls below a certain threshold, the flux grid is occupied to accelerate fighter production and maintenance.",,Additional increase in %s fighter replacement speed under normal conditions.,graphics/hullmods/CR_FighterProducingOverloading.png
Tidal Engine Modification,CR_EngineRegularBoost,2,,Energy Core-Expansion,"codex_unlockable, offensive,  crusaders",Expand and upgrade,10000,,,,8,12,18,24,data.hullmods.Installable.CR_EngineRegularBoost,Modifications to the engine output system. Improves %s ship maneuverability under normal conditions; and uses periodic energy surges to periodically enhance ship performance.,,Increases the ship's maximum speed by an additional %s su under normal conditions.,graphics/hullmods/CR_EngineRegularBoost.png
Surge Shield Enhancement,CR_ChargingRing,2,,Energy Core-Expansion,"codex_unlockable, offensive,  crusaders",Expand and upgrade,10000,,,,8,12,18,24,data.hullmods.Installable.CR_ChargingRing,Modifies the ship's flux system to increase the shield deployment speed by %s and reduce shield upkeep by %s.,,Increases shield strength by %s and converts %s of hard flux into soft flux.,graphics/hullmods/CR_ChargingRing.png
Laminar Flow Hull Reinforcement,CR_StructureUpgrading,2,,Energy Core-Expansion,"codex_unlockable, offensive,  crusaders",Expand and upgrade,10000,,,,8,12,18,24,data.hullmods.Installable.CR_StructureUpgrading,"The core spillover energy is used to structurally reinforce the hull strength, increasing the damage reduction of the ship armor %s, but reducing the shield expansion and rotation speed maintained by the shield %s and increasing the shield maintenance cost.",,Additional increase of %s to the ship's armor rating.,graphics/hullmods/CR_StructureUpgrading.png
Shield Oscillation Mitigation,CR_ShieldOscillating,2,,Energy Core-Expansion,"codex_unlockable, offensive,  crusaders",Expand and upgrade,10000,,,,8,12,18,24,data.hullmods.Installable.CR_ShieldOscillating,"The shield system is connected to the flux grid and utilizes a resonant shield modulator. When the shield is hit, it dynamically mitigates damage based on the severity of the incoming impact. At the same time, the system generates thermal arcs that strike the hull.
However, base shield damage taken is increased by %s for kinetic and by %s for energy, but %s of hard flux generated by the shield is converted to soft flux.",,Increases shield speed by an additional %s.,graphics/hullmods/CR_ShieldOscillating.png
,,,,,,,,,,,,,,,,,,,
#Specialized upgrade kit,,,,,,,,,,,,,,,,,,,
Bi-Phase Drive,PolariphaseDrive,2,,Energy Core-Strengthened,"codex_unlockable,engines, req_spaceport ,no_build_in,crusaders",Core strengthening,12000,TRUE,,,10,15,28,40,data.hullmods.PolariphaseDrive,A type of special component specifically designed to enhance the maneuverability of ships with the Crusader energy core. It improves the energy utilization efficiency of the Crusader core in a special way and supplies excess energy to the power cabin to increase the speed and maneuverability of the ship.,,,graphics/hullmods/PolariphaseDrive.png
Polariphase Defense Grid,PhaseDefenseUnit,2,,Energy Core-Strengthened,"codex_unlockable,defensive,req_spaceport ,no_build_in,crusaders",Core strengthening,12000,TRUE,,,10,15,28,40,data.hullmods.PhaseDefenseUnit,"A type of special component specifically designed to enhance the defensive performance of ships with the Crusader energy core. It absorbs projectiles, creates an entropy increase, and uses this to charge the plating.",,,graphics/hullmods/PhaseDefenseUnit.png
Polariphase Weapon Overload,WeaponOverLoad,2,,Energy Core-Strengthened,"codex_unlockable,offensive,req_spaceport ,no_build_in,crusaders",Core strengthening,12000,TRUE,,,10,15,28,40,data.hullmods.WeaponOverLoad,"A specialized component designed to enhance the firepower of ships with a Crusader Energy Core, overloading weapon systems and generating additional flux.",,,graphics/hullmods/WeaponOverLoad.png
,,,,,,,,,,,,,,,,,,,
#Function override plugin,,,,,,,,,,,,,,,,,,,
Protocol Override - Stand Ground,CR_Retinere,2,,Energy Core-Overwrite,"codex_unlockable, special, engines, offensive, no_build_in ,vower",core override,70000,TRUE,,,15,25,35,50,data.hullmods.Installable.CR_Retinere,Our ship was ordered to hold its position no matter the cost.,,,
Protocol Override - Oath,CR_Votum,2,,Energy Core-Overwrite,"codex_unlockable, special, offensive, no_build_in ,vower",core override,70000,TRUE,,,15,25,35,50,data.hullmods.Installable.CR_Votum,go ahead! go ahead! Only move forward! This is the oath we have made!,,,
Protocol Override - Hunting,CR_Circumvenire,2,,Energy Core-Overwrite,"codex_unlockable, special, offensive, no_build_in ,vower",core override,70000,TRUE,,,15,25,35,50,data.hullmods.Installable.CR_Circumvenire,"Silent wolves are hunting, carrying out His judgments.",,,
,,,,,,,,,,,,,,,,,,,
#specialkit,,,,,,,,,,,,,,,,,,,
Military standard hull modification,MilitarySpecialized,3,0.3,Knights Technology,"codex_unlockable,req_spaceport,crusaders",logistics,22450,,,,8,12,24,32,data.hullmods.Installable.RS_MilitarySpecialized,"Thanks to the Crusaders' consistent multi-redundant and strong modular design, these ships can more easily assume different roles with less modifications. Install this plugin to enhance your ship's combat performance.
Note: This plug-in may impose more requirements on fleet logistics, please act accordingly.",Exchange maintenance costs for better combat performance.,"Performance is enhanced by %s of the base value, and supply consumption is reduced by %s of the base value.",graphics/hullmods/MilitarySpecialized.png
Ocean sailing modification,CR_ExplorationModification,3,0.3,Knights Technology,"codex_unlockable,req_spaceport,crusaders",logistics,22450,,,,5,8,12,20,data.hullmods.Installable.CR_ExplorationModification,"Thanks to the Crusaders' consistent multi-redundant and strong modular design, these ships can more easily assume different roles with less modifications. Install this plugin to enhance your ship's ocean-going performance.
Reduce the supply, fuel, and personnel requirements required for routine maintenance of %s ships.
Increase the post-war repair speed of %s ships.
Increases the carrying capacity of %s ship, including cargo capacity and fuel load.
Each flight deck provides the ship with an additional %s of carrying capacity.",Optimize daily ship maintenance costs to adapt to ocean voyages,Further reduce the daily maintenance cost of %s ship.,graphics/hullmods/CR_ExplorationModification.png
Flux Amortization Grid,VOW_FluxExtendTendency,2,,Oathkeeper Design,"codex_unlockable, special, offensive, vow_design",Schema add-on,70000,TRUE,,,10,15,26,35,data.hullmods.Installable.VOW_FluxExtendTendency,"Increases the ship's active venting rate by %s and hull durability by %s, but decreases passive flux dissipation by %s. Weapon hard flux cost is reduced by 80%%, with the remaining 80%% deferred and generated back as soft flux over the next 5 seconds.",,"S-Mod: Increases the active venting rate by %s, and increases hull durability by %s and flux capacity by %s.",graphics/hullmods/VOW_FluxExtendTendency.png
Conductive Thermal Grid,VOW_AdditionalFluxDissipation,2,,Oathkeeper Design,"codex_unlockable, special, offensive ,vow_design",Schema add-on,70000,TRUE,,,10,15,26,35,data.hullmods.Installable.VOW_AdditionalFluxDissipation,"Increases flux dissipation by %s and hull durability by %s, but decreases armor rating by %s. During combat, as hull integrity decreases, the bonus flux dissipation decays from %s to 0%%, but damage reduction for the hull and armor increases from 0%% to %s.",,"S-Mod: Increases flux dissipation by %s, increases hull durability by %s, and allows the ship to dissipate hard flux at %s of the normal rate while shields are raised.",graphics/hullmods/VOW_AdditionalFluxDissipation.png
Reinforced Weapon Mounts,VOW_WeaponRepairingBoost,2,,Oathkeeper Design,"codex_unlockable, special, weapons ,vow_design",Schema add-on,70000,TRUE,,,10,15,26,35,data.hullmods.Installable.VOW_WeaponRepairingBoost,"Reinforces weapon mounts, reducing weapon repair time by %s. Once repaired, the weapon's cooldown rate is temporarily increased by %s for %s seconds, and the ship's hull is slightly repaired based on the size of the weapon (Small: +20, Medium: +45, Large: +75). However, weapon recoil is increased by %s.",,,graphics/hullmods/VOW_WeaponRepairingBoost.png
,,,,,,,,,,,,,,,,,,,
#Built-in plugin,,,,,,,,,,,,,,,,,,,
Siamese ship,RS_LinkedHull,,,,hide_in_codex,,,,TRUE,TRUE,0,0,0,0,data.hullmods.RS_LinkedHull,Synchronize certain data between the mother and daughter hulls.,,,graphics/hullmods/vast_bulk.png
Byzantine Core Control System,ByzantineCoreSystem,,,,hide_in_codex,,,,TRUE,,0,0,0,0,data.hullmods.ByzantineCoreSystem,Synchronize certain data between the mother and daughter hulls.,,,graphics/hullmods/vast_bulk.png
Byzantine module control system,ByzantineModuleSystem,,,,hide_in_codex,,,,TRUE,,0,0,0,0,data.hullmods.ByzantineModuleSystem,Synchronize certain data between the mother and daughter hulls.,,,graphics/hullmods/vast_bulk.png
Modular control system,CR_ModuleContorlling,,,,hide_in_codex,,,,TRUE,TRUE,0,0,0,0,data.hullmods.CR_ModuleContorlling,Synchronize certain data between the mother and daughter hulls.,,,graphics/hullmods/vast_bulk.png
Authority module control,XIV_LinkedHull,,,,hide_in_codex,,,,TRUE,TRUE,0,0,0,0,data.hullmods.XIV_LinkedHull,Synchronize certain data between the mother and daughter hulls.,,,graphics/hullmods/vast_bulk.png
Sky Throne Scheduling System,CR_RichathaoirnaBandeSystem,,,,hide_in_codex,,,,TRUE,,0,0,0,0,data.hullmods.RichathaoirnaBandeSystem,"In order to optimize the coordination and scheduling process among the various firepower units of this behemoth, this specially designed subsystem was given the task of optimizing firepower deployment and coordinating the entire ship's air traffic control; undoubtedly, she completed this task perfectly.",,,graphics/hullmods/vast_bulk.png
Ship-to-Boat Conflict,IncompatibleHullmodWarning,,,,hide_in_codex,,,,TRUE,,0,0,0,0,data.hullmods.IncompatibleHullmodWarning,"%s, the ship plug-in you are trying to install conflicts with this ship or another ship plug-in that is already installed.","%s, the ship plug-in you are trying to install conflicts with this ship or another ship plug-in that is already installed.",,graphics/icons/intel/investigation.png
"""Mesmerized"" wide area electronic warfare suite",ECCM_package,,,,hide_in_codex,,,,TRUE,TRUE,0,0,0,0,data.hullmods.ECCM_package,,,,graphics/hullmods/vast_bulk.png
Fairy Queen,Yukikaze,,,,hide_in_codex,,,,TRUE,,0,0,0,0,data.hullmods.Yukikaze,,,,graphics/hullmods/vast_bulk.png
Snow Wind Electronic Warfare Kit,YukikazeTargeting,,,,hide_in_codex,,,,TRUE,TRUE,0,0,0,0,data.hullmods.YukikazeTargeting,,,,graphics/hullmods/vast_bulk.png
Bethlehem chain of command,BethlehemSystem,,,,"special,no_drop,no_sell,no_drop_salvage,hide_in_codex",special,,,TRUE,,0,0,0,0,data.hullmods.BethlehemSystem,,,,graphics/hullmods/vast_bulk.png
fleet airport,CR_ReparingCarrier,,,,"special,no_drop,no_sell,no_drop_salvage,hide_in_codex",special,,,TRUE,,0,0,0,0,data.hullmods.ReparingCarrier,"This ship has an open engineering system. With its huge hull, it can simultaneously undertake the functions of aircraft takeoff and landing and combat ship maintenance. It also has a specially designed air traffic control system that can command a large number of carrier-based aircraft groups to carry out denial and strike tactics during combat.
At the same time, the logistics system has increased her cargo and fuel capacity by %s, and the fleet maintenance speed has been increased by %s.",,,graphics/hullmods/CR_ReparingCarrier.png
Giant open airport,HugeOpenPort,,,,"special,no_drop,no_sell,no_drop_salvage,hide_in_codex",special,,,TRUE,,0,0,0,0,data.hullmods.HugeOpenPort,"This ship is designed to be completely open. With its huge hull, it can simultaneously undertake the functions of taking off and landing aircraft and maintaining small ships. Coupled with the specially designed air traffic control system, she can always gain an overwhelming advantage in air combat command.",,,graphics/hullmods/vast_bulk.png
open airport,OpenPort,,,,"special,no_drop,no_sell,no_drop_salvage,hide_in_codex",special,,,TRUE,,0,0,0,0,data.hullmods.OpenPort,"Inspired by the giant open airport of the Michelangelo class and its supporting subsystems, the open airport developed by the Knights' research institute to adapt to its own aviation combat needs can almost replicate the original's combat performance, but its redundant system does not support systematic refurbishment of the ship, but it still supports combat readiness and basic maintenance of small ships.",,,graphics/hullmods/vast_bulk.png
Apocalypse Computing Array,RevelatioComputingCognetrix,,,,"special,no_drop,no_sell,no_drop_salvage,hide_in_codex",special,,,TRUE,,0,0,0,0,data.hullmods.RevelatioComputingCognetrix,"She may be able to reach the boundaries of human cognition, measure life, and calculate death.
Weapon range reduced by %s.
When destroying an enemy unit, the ship restores %s hull integrity and repairs %s armor.
Weapon damage is increased by %s for every %s of hull integrity lost.",,,graphics/hullmods/RevelatioComputingCognetrix.png
,,,,,,,,,,,,,,,,,,,
Crusader phase coating,CrusadersPlating,,,Crusader Design,"defensive, merc,special,no_drop,no_sell,no_drop_salvage,hide_in_codex","protection, Crusader Design",,,TRUE,TRUE,0,0,0,0,data.hullmods.crusaders.CrusadersPlating,"Armor-like plating formed from the controlled leakage of energy from the advanced Crusader Core, providing %s damage reduction based on hull size and flux capacity, and is found on most ships with Crusader Cores installed. This is a complete coating composed of pure energy, showing peculiar phase-phase characteristics, which can reduce the damage received by %s weapons and engines, reduce the damage received by %s ship hulls, and reduce the EMP damage received by %s ships; all damage reduction effects are calculated based on the current transient coating integrity.",,,graphics/hullmods/CrusadersPlating.png
Crusader Power Core,CrusadersCore,,,Crusader Design,"special,no_drop,no_sell,no_drop_salvage,codex_unlockable","special,crusader plan",,,TRUE,,0,0,0,0,data.hullmods.crusaders.CrusadersCore,"A type of high-power integrated energy core installed on specially designed ships. The huge amount of energy it generates can slightly distort space and even time. However, the leaked energy interfered with the ship's shield generator, reducing the shield's combat effectiveness.
Ship's time flow speeds up %s
Increase the active venting rate by %s
Shield efficiency reduced by %s",,,graphics/hullmods/CrusadersCore.png
airspace control system,CelestiLockSystem,0,,Crusader Design,"special, merc,no_drop,no_sell,no_drop_salvage,codex_unlockable","fighter plane, Crusader Design",,,TRUE,,0,0,0,0,data.hullmods.CelestiLockSystem,"The enlarged flight deck is equipped with an enhanced shipboard nanofactory and a specially designed air traffic control system to facilitate the preparation and command of fighters and interceptors for combat.

When the ship's crew is a conventional bomber, such specialized facilities will not provide gains or cause performance impairment.","Improve fighter replacement rate, increase fighter combat range and weapon damage",,graphics/hullmods/CelestiLockSystem.png
Carrier-based aircraft fire support control,CR_carrier_supportcommand,0,,Crusader Design,"special, req_spaceport,merc,no_drop,no_sell,no_drop_salvage","Fighters, Requires Dock",,,TRUE,TRUE,0,0,0,0,data.hullmods.CR_carrier_supportcommand,"A carrier doctrine that excels in extended warfare. This encourages faster fighter deployment and recovery on a type of schedule known as 'cyclic operations'. Exceptional safety measures for the pilots and up-armored fighter chassis are applied to increase the efficiency of this doctrine.

Can only install %s type of S.L. Carrier hullmod on a ship.","Faster fighter replacement, fighters gets reduced damage taken and lesser fighter crew casualties. Extends fighter engagement range.",,
Carrier-based aircraft area advance control,CR_carrier_strikecommand,0,,Crusader Design,"special,  req_spaceport,merc,no_drop,no_sell,no_drop_salvage","Fighters, Requires Dock",,,TRUE,TRUE,0,0,0,0,data.hullmods.CR_carrier_strikecommand,"An aggressive strike craft doctrine meant to neutralize and destroy enemies quickly. Strike craft ordnance is significantly tuned up to deliver deadly alpha strikes, turning the carrier's fighters into a flock of terror on the battlefield.

Can only install %s type of S.L. Carrier hullmod on a ship.","Increases fighter's missile speed, durability, maneuverability and range. Damage to destroyer size hull and above is increased.",,
,,,,,,,,,,,,,,,,,,,
,,,,,,,,,,,,,,,,,,,
Specialized automatic system,SPAutomated,,,Crusader Design,hide_in_codex,,,,TRUE,TRUE,0,0,0,0,data.hullmods.SPAutomated,"Under the strong request of Chief Scholar Tops, all large ships of the Crusade Project have undergone special ship system designs in order to be compatible with the human command system and the AI ​​core command system. This particular design survived in the designs of the Crusader Project and its successors over the centuries.

Its specialized system requires stricter maintenance methods, which increases the monthly maintenance requirements of %s.",Compatibility interface,,
automatic mode,ControllingSystem_auto,,,,"no_build_in,hide_in_codex",,,,TRUE,,0,0,0,0,data.hullmods.ControllingSystem,The ship can be customized to be assigned human crew or {AI} piloting. It is currently in: automatic mode. Click to remove the ship to switch modes.,Switch mode,,
Manned mode,ControllingSystem_manned,,,,"no_build_in,hide_in_codex",,,,TRUE,,0,0,0,0,data.hullmods.ControllingSystem,The ship can be customized to be driven by human crew or AI. It is currently in manned mode. Click to remove the ship to switch modes.,Switch mode,,
Specialized fully automatic ship,CRAutomatedUnit,,,,hide_in_codex,,,,TRUE,TRUE,0,0,0,0,data.hullmods.CRAutomatedUnit,"It can operate fully automatically without the need for human crew operations, but retains a life support system for a certain number of crew members.",It does not require a crew and cannot carry a crew.,,graphics/hullmods/automated.png
hidden missiles,HiddenMissles,0,,Crusader Design,hide_in_codex,,,FALSE,TRUE,TRUE,0,0,0,0,data.hullmods.HiddenMissles,,,,
Aviation command switching,CarrierSwitch,0,,Crusader Design,"special, merc,no_drop,no_sell,no_drop_salvage,hide_in_codex","fighter plane, Crusader Design",,,TRUE,TRUE,0,0,0,0,data.hullmods.CarrierSwitch,"The enlarged flight deck and specially designed air traffic control system have created a complete integrated flight deck facility designed specifically for the fight for space superiority. It is convenient for preparing and commanding fighters and interceptor aircraft to fight.

When the ship's crew is a conventional bomber, these specialized facilities will not provide gains or cause performance impairment.","Improve fighter replacement rate, increase fighter combat range and weapon damage",,
Support mode,ControllingSystem_support,,,,no_build_in,,,,TRUE,,0,0,0,0,data.hullmods.MA_WeaponSwitch2,The aviation command plan with conservative defense as the main idea greatly reduces the attack radius of carrier-based aircraft and increases the attack range of carrier-based aircraft weapons.,,,
Assault mode,ControllingSystem_strike,,,,no_build_in,,,,TRUE,,0,0,0,0,data.hullmods.MA_WeaponSwitch2,"The aviation command plan with active attack as the main idea strengthens the penetration capability of carrier-based aircraft, but correspondingly increases the loss of personnel that may be caused by the destruction of carrier-based aircraft.",,,
,,,,,,,,,,,,,,,,,,,
solid wall,ImpregnableRampart,0,,,"special, merc,no_drop,no_sell,no_drop_salvage,hide_in_codex",Specialized system,,,TRUE,TRUE,0,0,0,0,data.hullmods.ImpregnableRampart,The adaptive shield strengthening system enhances shield efficiency and shield deployment speed as the ship's flux level increases.,,,
Swift Feather,PennaVelox,0,,,"special, merc,no_drop,no_sell,no_drop_salvage,hide_in_codex",Specialized system,,,TRUE,TRUE,0,0,0,0,data.hullmods.PennaVelox,"The adaptive aviation maintenance system enhances the performance of carrier-based aircraft as the ship's flux level increases; however, this comes at the expense of reduced hull durability and armor rating of the carrier-based aircraft.",,,
Oath of Victory,Excalibur,0,,,"special, merc,no_drop,no_sell,no_drop_salvage,hide_in_codex",Specialized system,,,TRUE,TRUE,0,0,0,0,data.hullmods.Excalibur,"The adaptive power enhancement system enhances the ship's maneuverability and accelerates time flow as the ship's flux level increases. However, the EMP damage received and the damage taken by the ship are increased by 25%.",,,
Final Destruction,Rhongomyniad,0,,,"special, merc,no_drop,no_sell,no_drop_salvage,hide_in_codex",Specialized system,,,TRUE,TRUE,0,0,0,0,data.hullmods.Rhongomyniad,"The adaptive weapon enhancement system enhances the ratio of weapon damage to the hard flux generated by beams as the ship's flux level increases.",,,
,,,,,,,,,,,,,,,,,,,
Interdiction Design,RS_InterdictionDesign,,,,"special, merc,no_drop,no_sell,no_drop_salvage",Specialized system,,,TRUE,,0,0,0,0,data.hullmods.RS_InterdictionDesign,The design of a dedicated large-scale engagement-breaking battleship will enhance the performance of the battleship as its structural value decreases.,,,graphics/hullmods/vast_bulk.png
Frontline Aircraft Carrier Scheduling,RS_AssaultCombatCarrier,,,,"special, merc,no_drop,no_sell,no_drop_salvage",Specialized system,,,TRUE,,0,0,0,0,data.hullmods.AssaultCombatCarrier,The frontline heavy-duty aircraft carrier dispatching system enhances ship performance as the throughput of carrier-based aircraft increases.,,,graphics/hullmods/vast_bulk.png
,,,,,,,,,,,,,,,,,,,
Wing-Mounted Flight Control System,VowerMoudleController,0,,,"special, merc,no_drop,no_sell,no_drop_salvage,hide_in_codex",Specialized system,,,TRUE,TRUE,0,0,0,0,data.hullmods.VowerMoudleController,Control wing module behavior.,,,
Holy Spear System,Hastadiparaoxa,0,,,"special, merc,no_drop,no_sell,no_drop_salvage,hide_in_codex",Specialized system,,,TRUE,TRUE,0,0,0,0,data.hullmods.Hastadiparaoxa,,,,
Assault light cavalry,MobileAssault,0,,,"special, merc,no_drop,no_sell,no_drop_salvage",Specialized system,,,TRUE,TRUE,0,0,0,0,data.hullmods.MobileAssault,,,,
Distributed dimensional difference phase coil,DividedDimensionalPhaseRecoil,0,,,"special, merc,no_drop,no_sell,no_drop_salvage",phase coil,,,TRUE,,0,0,0,0,data.hullmods.DividedDimensionalPhaseRecoil,,,,graphics/hullmods/DividedDimensionalPhaseRecoil.png
,,,,,,,,,,,,,,,,,,,
Chalante Electronic Warfare System,CyprpediumECM,0,,,"special, merc,no_drop,no_sell,no_drop_salvage,hide_in_codex",Specialized system,,,TRUE,,0,0,0,0,data.hullmods.CyprpediumECM,,,,
,,,,,,,,,,,,,,,,,,,
mirage,CR_QubitMirage,0,,left behind,"special, merc,no_drop,no_sell,no_drop_salvage",Forgotten Crusade,,,TRUE,,0,0,0,0,data.hullmods.QubitMirage,Mirage test,,,
,,,,,,,,,,,,,,,,,,,
Tiantu LED,CR_ViaDivinaLED,0,,,hide_in_codex,,0,,TRUE,TRUE,0,0,0,0,data.hullmods.ViaDivinaLED,,,,
,,,,,,,,,,,,,,,,,,,
God-given,rs_bracha_Mode,0,,,"no_build_in,hide_in_codex",Zongzi,,,TRUE,,0,0,0,0,data.hullmods.MA_WeaponSwitch2,Type A,,,
divine grace,rs_chesed_Mode,0,,,"no_build_in,hide_in_codex",Zongzi,,,TRUE,,0,0,0,0,data.hullmods.MA_WeaponSwitch2,Type B,,,
,,,,,,,,,,,,,,,,,,,
High Energy Thermal Pulse Cannon,rs_constantia_Maingun1_Mode,0,,,"no_build_in,hide_in_codex",,,,TRUE,,0,0,0,0,data.hullmods.MA_WeaponSwitch2,Replaced the internal turret with a high-energy thermal pulse cannon,,,
Overcharged Large Gauss Cannon,rs_constantia_Maingun2_Mode,0,,,"no_build_in,hide_in_codex",,,,TRUE,,0,0,0,0,data.hullmods.MA_WeaponSwitch2,Replaced built-in turret with a large overcharged Gauss Cannon,,,
,,,,,,,,,,,,,,,,,,,
#MAplugin,,,,,,,,,,,,,,,,,,,
Special mobile armor,Moci_SpecializedMobileArmour,,,,,,,,TRUE,,0,0,0,0,data.hullmods.SpecializedMobileArmor,<Tooltip created in script>,"As a unique ship type, mobile armor has different battlefield performance from ordinary ships.",,graphics/hullmods/Moci_MobileArmor.png
Special mobile armor module,Moci_SpecializedMobileArmor_module,,,,,,,,TRUE,,0,0,0,0,data.hullmods.SpecializedMobileArmor_module,<Tooltip created in script>,"As a unique ship type, mobile armor has different battlefield performance from ordinary ships.",,graphics/hullmods/Moci_MobileArmor.png
GN shield,Moci_RS_GNShield,,,,,,,,TRUE,TRUE,0,0,0,0,data.hullmods.RS_Moci_GNShield,Replace your shields with plating that covers the surface of your hull.,Replace your shields with plating that covers the surface of your hull.,,graphics/hullmods/Moci_GNShield.png
,,,,,,,,,,,,,,,,,,,
Preparation Bay,Moci_LandingBay,,,Lone Light Cavalry,no_build_in,special,,TRUE,TRUE,TRUE,5,10,15,20,data.hullmods.Moci_RS_RepairBayHullModEffect,Allows landing modifications for mechs holding landing procedures.,,,graphics/hullmods/Moci_LandingBay.png
Mobile armor preparation bay,Moci_ma_repair_bay,,,Lone Light Cavalry,no_build_in,special,,,TRUE,,0,0,0,0,data.hullmods.Moci_MaRepairBayHullModEffect,Allows for maneuverable armored landing modifications with landing procedures.,,,graphics/hullmods/Moci_LandingBay.png
,,,,,,,,,,,,,,,,,,,
special landing procedures,Moci_SMA_LandingSequence,,,Lone Light Cavalry,"no_build_in,hide_in_codex",special,,TRUE,TRUE,TRUE,0,0,0,0,data.hullmods.Moci_SMALandingSequence,Allows landing on friendly aircraft carriers with specific facilities for refurbishment.,,,graphics/hullmods/Moci_LandingSequence.png
,,,,,,,,,,,,,,,,,,,
weapon switcher,MA_WeaponSwap,,,,,,,,TRUE,TRUE,0,0,0,0,data.hullmods.MA_WeaponSwitch,You shouldn't see this hullmod,You shouldn't see this hullmod,,
,,,,,,,,,,,,,,,,,,,
violet booster controls,MSA0011Bst303E_ModuleController,0,,,"special, merc,no_drop,no_sell,no_drop_salvage,hide_in_codex",,,,TRUE,TRUE,0,0,0,0,data.hullmods.MSA0011Bst303E_ModuleController,violet booster controls,,,
Violet Module Control,MSA0011Bst303E_Controlling,0,,,"special, merc,no_drop,no_sell,no_drop_salvage,hide_in_codex",,,,TRUE,TRUE,0,0,0,0,data.hullmods.MSA0011Bst303E_Controlling,Violet Module Control,,,
,,,,,,,,,,,,,,,,,,,
Stamen right hand beam rifle,rs_RX78_GP03D_arm_Right_gun_rifle_Mode,,,,"no_build_in,hide_in_codex",,,,TRUE,,0,0,0,0,data.hullmods.MA_WeaponSwitch2,"Installs the beam rifle for Stamen's right-hand weapon, removing the plug-in will change the weapon mode.",beam rifle,,graphics/hullmods/Moci_MSSwapHullmod_Gun.png
Stamen Left Hand Beam Rifle,rs_RX78_GP03D_arm_Left_gun_rifle_Mode,,,,"no_build_in,hide_in_codex",,,,TRUE,,0,0,0,0,data.hullmods.MA_WeaponSwitch2,"Installs the Beam Rifle for Stamen's left-hand weapon, removing the plug-in will change the weapon mode.",beam rifle,,graphics/hullmods/Moci_MSSwapHullmod_Gun.png
Stamen right hand high energy rocket launcher,rs_RX78_GP03D_arm_Right_Bazooka_Mode,,,,"no_build_in,hide_in_codex",,,,TRUE,,0,0,0,0,data.hullmods.MA_WeaponSwitch2,Installs a high-energy rocket launcher for Stamen's right-hand weapon. Removing the plug-in will change the weapon mode.,beam rifle,,graphics/hullmods/Moci_MSSwapHullmod_Bazooka.png
Stamen left hand high energy rocket launcher,rs_RX78_GP03D_arm_Left_Bazooka_Mode,,,,"no_build_in,hide_in_codex",,,,TRUE,,0,0,0,0,data.hullmods.MA_WeaponSwitch2,Installs a high-energy rocket launcher for Stamen's left-hand weapon. Removing the plug-in will change the weapon mode.,beam rifle,,graphics/hullmods/Moci_MSSwapHullmod_Bazooka.png
Dendrobium Claw Beam Cannon Left,rs_RX78_GP03D_Left_Bean_Mode,,,,"no_build_in,hide_in_codex",,,,TRUE,,0,0,0,0,data.hullmods.MA_WeaponSwitch2,Install a beam cannon for Dendrobium's right claw weapon. Removing the plug-in will change the weapon mode.,beam rifle,,graphics/hullmods/Moci_MSSwapHullmod_Gun.png
Dendrobium claw type beam cannon right,rs_RX78_GP03D_Right_Bean_Mode,,,,"no_build_in,hide_in_codex",,,,TRUE,,0,0,0,0,data.hullmods.MA_WeaponSwitch2,"To install the beam cannon on Dendrobium's left claw weapon, removing the plug-in will change the weapon mode.",beam rifle,,graphics/hullmods/Moci_MSSwapHullmod_Gun.png
Dendrobium orchid claw type beam sword left,rs_RX78_GP03D_Left_BeanSword_Mode,,,,"no_build_in,hide_in_codex",,,,TRUE,,0,0,0,0,data.hullmods.MA_WeaponSwitch2,"To install the High Power Beam Saber on Dendrobium's Right Mechanical Claw weapon, removing the plug-in will change the weapon mode.",beam rifle,,graphics/hullmods/Moci_MSSwapHullmod_Sabre.png
Dendrobium orchid claw type beam sword right,rs_RX78_GP03D_Right_BeanSword_Mode,,,,"no_build_in,hide_in_codex",,,,TRUE,,0,0,0,0,data.hullmods.MA_WeaponSwitch2,"To install the High Power Beam Saber on Dendrobium's Right Mechanical Claw weapon, removing the plug-in will change the weapon mode.",beam rifle,,graphics/hullmods/Moci_MSSwapHullmod_Sabre.png
The No. 1 rack on the left side of Dendrobium—cluster missile,rs_RX78_GP03D_MIRV1_Left1_Mode1,,,,"no_build_in,hide_in_codex",,,,TRUE,,0,0,0,0,data.hullmods.MA_WeaponSwitch2,Install a beam cannon for Dendrobium's right claw weapon. Removing the plug-in will change the weapon mode.,beam rifle,,graphics/hullmods/Moci_MSSwapHullmod_Bazooka.png
The No. 1 rack on the left side of Dendrobium - anti-ship missile,rs_RX78_GP03D_MIRV2_Left1_Mode1,,,,"no_build_in,hide_in_codex",,,,TRUE,,0,0,0,0,data.hullmods.MA_WeaponSwitch2,"To install the beam cannon on Dendrobium's left claw weapon, removing the plug-in will change the weapon mode.",beam rifle,,graphics/hullmods/Moci_MSSwapHullmod_Bazooka.png
No. 2 rack on the left side of Dendrobium—cluster missile,rs_RX78_GP03D_MIRV1_Left2_Mode2,,,,"no_build_in,hide_in_codex",,,,TRUE,,0,0,0,0,data.hullmods.MA_WeaponSwitch2,"To install the High Power Beam Saber on Dendrobium's Right Mechanical Claw weapon, removing the plug-in will change the weapon mode.",beam rifle,,graphics/hullmods/Moci_MSSwapHullmod_Bazooka.png
No. 2 rack on the left side of Dendrobium - anti-ship missile,rs_RX78_GP03D_MIRV2_Left2_Mode2,,,,"no_build_in,hide_in_codex",,,,TRUE,,0,0,0,0,data.hullmods.MA_WeaponSwitch2,"To install the High Power Beam Saber on Dendrobium's Right Mechanical Claw weapon, removing the plug-in will change the weapon mode.",beam rifle,,graphics/hullmods/Moci_MSSwapHullmod_Bazooka.png
The No. 1 rack on the right side of Dendrobium—cluster missile,rs_RX78_GP03D_MIRV1_Right1_Mode1,,,,"no_build_in,hide_in_codex",,,,TRUE,,0,0,0,0,data.hullmods.MA_WeaponSwitch2,Install a beam cannon for Dendrobium's right claw weapon. Removing the plug-in will change the weapon mode.,beam rifle,,graphics/hullmods/Moci_MSSwapHullmod_Bazooka.png
No. 1 rack on the right side of Dendrobium - anti-ship missile,rs_RX78_GP03D_MIRV2_Right1_Mode1,,,,"no_build_in,hide_in_codex",,,,TRUE,,0,0,0,0,data.hullmods.MA_WeaponSwitch2,"To install the beam cannon on Dendrobium's left claw weapon, removing the plug-in will change the weapon mode.",beam rifle,,graphics/hullmods/Moci_MSSwapHullmod_Bazooka.png
No. 2 rack on the right side of Dendrobium—cluster missile,rs_RX78_GP03D_MIRV1_Right2_Mode2,,,,"no_build_in,hide_in_codex",,,,TRUE,,0,0,0,0,data.hullmods.MA_WeaponSwitch2,"To install the High Power Beam Saber on Dendrobium's Right Mechanical Claw weapon, removing the plug-in will change the weapon mode.",beam rifle,,graphics/hullmods/Moci_MSSwapHullmod_Bazooka.png
No. 2 rack on the right side of Dendrobium - anti-ship missile,rs_RX78_GP03D_MIRV2_Right2_Mode2,,,,"no_build_in,hide_in_codex",,,,TRUE,,0,0,0,0,data.hullmods.MA_WeaponSwitch2,"To install the High Power Beam Saber on Dendrobium's Right Mechanical Claw weapon, removing the plug-in will change the weapon mode.",beam rifle,,graphics/hullmods/Moci_MSSwapHullmod_Bazooka.png
"""Shen Yuan"" modular triple mass launcher",rs_euthystopos_b_Mode1,,,,"no_build_in,hide_in_codex",,,,TRUE,,0,0,0,0,data.hullmods.MA_WeaponSwitch2,"Install the ""Shen Yuan"" modular triple mass launcher in the dedicated slot on the front side of the ship",beam rifle,,graphics/hullmods/Moci_MSSwapHullmod_Bazooka.png
"""Shen Yuan"" modular triple positron emitter",rs_euthystopos_e_Mode1,,,,"no_build_in,hide_in_codex",,,,TRUE,,0,0,0,0,data.hullmods.MA_WeaponSwitch2,"Install the ""Shen Yuan"" modular triple positron emitter in the dedicated slot on the front side of the ship",beam rifle,,graphics/hullmods/Moci_MSSwapHullmod_Bazooka.png
"""Shen Yuan"" modular triple mass launcher",rs_euthystopos_b_Mode2,,,,"no_build_in,hide_in_codex",,,,TRUE,,0,0,0,0,data.hullmods.MA_WeaponSwitch2,"Install the ""Shen Yuan"" modular triple mass launcher in the dedicated slot on the rear side of the ship",beam rifle,,graphics/hullmods/Moci_MSSwapHullmod_Bazooka.png
"""Shen Yuan"" modular triple positron emitter",rs_euthystopos_e_Mode2,,,,"no_build_in,hide_in_codex",,,,TRUE,,0,0,0,0,data.hullmods.MA_WeaponSwitch2,"Install the ""Shen Yuan"" modular triple positron emitter in the dedicated slot on the rear side of the ship",beam rifle,,graphics/hullmods/Moci_MSSwapHullmod_Bazooka.png
Offensive Kihar Launcher,rs_Fiver_lanuch_assault_Mode,,,,"no_build_in,hide_in_codex",,,,TRUE,,0,0,0,0,data.hullmods.MA_WeaponSwitch2,The equipped Kihar unmanned combat unit will be equipped with equipment that enhances offensive performance. Removing the plug-in will change the weapon mode.,beam rifle,,graphics/hullmods/Moci_MSSwapHullmod_Gun.png
Defensive Kihar Launcher,rs_Fiver_lanuch_defense_Mode,,,,"no_build_in,hide_in_codex",,,,TRUE,,0,0,0,0,data.hullmods.MA_WeaponSwitch2,The equipped Kihar unmanned combat unit will be equipped with equipment that enhances defensive performance. Removing the plug-in will change the weapon mode.,beam rifle,,graphics/hullmods/Moci_MSSwapHullmod_Gun.png
Fire support Kihar launcher,rs_Fiver_lanuch_firesupport_Mode,,,,"no_build_in,hide_in_codex",,,,TRUE,,0,0,0,0,data.hullmods.MA_WeaponSwitch2,The equipped Kihar unmanned combat unit will be equipped with equipment that enhances firepower. Removing the plug-in will change the weapon mode.,beam rifle,,graphics/hullmods/Moci_MSSwapHullmod_Bazooka.png
Offensive Kihar Launcher,rs_Inle_lanuch_assault_Mode,,,,"no_build_in,hide_in_codex",,,,TRUE,,0,0,0,0,data.hullmods.MA_WeaponSwitch2,The equipped Kihar unmanned combat unit will be equipped with equipment that enhances offensive performance. Removing the plug-in will change the weapon mode.,beam rifle,,graphics/hullmods/Moci_MSSwapHullmod_Gun.png
Defensive Kihar Launcher,rs_Inle_lanuch_defense_Mode,,,,"no_build_in,hide_in_codex",,,,TRUE,,0,0,0,0,data.hullmods.MA_WeaponSwitch2,The equipped Kihar unmanned combat unit will be equipped with equipment that enhances defensive performance. Removing the plug-in will change the weapon mode.,beam rifle,,graphics/hullmods/Moci_MSSwapHullmod_Gun.png
Fire support Kihar launcher,rs_Inle_lanuch_firesupport_Mode,,,,"no_build_in,hide_in_codex",,,,TRUE,,0,0,0,0,data.hullmods.MA_WeaponSwitch2,The equipped Kihar unmanned combat unit will be equipped with equipment that enhances firepower. Removing the plug-in will change the weapon mode.,beam rifle,,graphics/hullmods/Moci_MSSwapHullmod_Bazooka.png
"""Shen Yuan"" built-in mass launcher",rs_euthystopos_b_built_Mode,,,,"no_build_in,hide_in_codex",,,,TRUE,,0,0,0,0,data.hullmods.MA_WeaponSwitch2,The main gun will be equipped with a multi-purpose impact cannon with continuous suppressive force. Removing the plug-in will change the weapon mode.,beam rifle,,graphics/hullmods/Moci_MSSwapHullmod_Bazooka.png
Large thermal melt beam cannon,rs_dsintegratorbean_L_Mode,,,,"no_build_in,hide_in_codex",,,,TRUE,,0,0,0,0,data.hullmods.MA_WeaponSwitch2,The main gun will be equipped with a high-explosive fragmentation beam cannon. Removing the plug-in will change the weapon mode.,beam rifle,,graphics/hullmods/Moci_MSSwapHullmod_Bazooka.png
Rosette beam rocket launcher (burst launch),rs_AMS_06_beambazooka_brust_Mode,,,,"no_build_in,hide_in_codex",,,,TRUE,,0,0,0,0,data.hullmods.MA_WeaponSwitch2,Adjust Rosette's beam bazooka to burst fire mode. Removing the plug-in will change the weapon mode.,beam rifle,,graphics/hullmods/Moci_MSSwapHullmod_Bazooka.png
Rosette beam rocket launcher (charged launch),rs_AMS_06_beambazooka_charge_Mode,,,,"no_build_in,hide_in_codex",,,,TRUE,,0,0,0,0,data.hullmods.MA_WeaponSwitch2,Adjust Rosette's beam bazooka to charge firing mode. Removing the plug-in will change the weapon mode.,beam rifle,,graphics/hullmods/Moci_MSSwapHullmod_Bazooka.png
Traj's Cannon,vow_VMS_12_arm_right_antiship_Mode,,,,"no_build_in,hide_in_codex",,,,TRUE,,0,0,0,0,data.hullmods.MA_WeaponSwitch2,Adjust Rosette's beam bazooka to burst fire mode. Removing the plug-in will change the weapon mode.,beam rifle,,graphics/hullmods/Moci_MSSwapHullmod_Bazooka.png
Traj Beam Magnum,vow_VMS_12_arm_right_magena_Mode,,,,"no_build_in,hide_in_codex",,,,TRUE,,0,0,0,0,data.hullmods.MA_WeaponSwitch2,Adjust Rosette's beam bazooka to charge firing mode. Removing the plug-in will change the weapon mode.,beam rifle,,graphics/hullmods/Moci_MSSwapHullmod_Bazooka.png
Traj rotating machine gun,vow_VMS_12_arm_right_machinegun_Mode,,,,"no_build_in,hide_in_codex",,,,TRUE,,0,0,0,0,data.hullmods.MA_WeaponSwitch2,Adjust Rosette's beam bazooka to charge firing mode. Removing the plug-in will change the weapon mode.,beam rifle,,graphics/hullmods/Moci_MSSwapHullmod_Bazooka.png
,,,,,,,,,,,,,,,,,,,
I position,Moci_IField,,,,"no_build_in,hide_in_codex",,,,TRUE,TRUE,0,0,0,0,data.hullmods.Moci_IField,Blocking beam weapons from the front of the ship generates amplitude energy that becomes ineffective when overloaded.,Blocking beam weapons from the front of the ship generates amplitude energy that becomes ineffective when overloaded.,,
,,,,,,,,,,,,,,,,,,,
#Tr plan plugin,,,,,,,,,,,,,,,,,,,
TR design framework,Tr_DesignFrame,,,,,,,,TRUE,,0,0,0,0,data.hullmods.Tr.Tr_DesignFrame,"As the most sophisticated and efficient weapon you can see in the Sector, she needs some special treatment.",,,
Special high-density mirror armor,Tr_SpecializedArmor,,,,"no_build_in,hide_in_codex",,,,TRUE,TRUE,0,0,0,0,data.hullmods.Tr.Tr_SpecializedArmor,You shouldn't see this boat plug,You shouldn't see this boat plug,,
Tr6 control core,Tr6_ControllingCore,,,,"no_build_in,hide_in_codex",,,,TRUE,TRUE,0,0,0,0,data.hullmods.Tr.Tr6_ControllingCore,You shouldn't see this boat plug,You shouldn't see this boat plug,,
TR plan module control,Tr_Moudle_Controlling,,,,"no_build_in,hide_in_codex",,,,TRUE,TRUE,0,0,0,0,data.hullmods.Tr.Tr_Moudle_Controlling,You shouldn't see this boat plug,You shouldn't see this boat plug,,
"""Cradle"" module control",Tr_Cradle_Controlling,,,,"no_build_in,hide_in_codex",,,,TRUE,TRUE,0,0,0,0,data.hullmods.Tr.Tr_Cradle_Controlling,Cradle weaning procedure,,,
"""Cradle"" module",Tr_Cradle,,,,"no_build_in,hide_in_codex",,,,TRUE,TRUE,0,0,0,0,data.hullmods.Tr.Tr_Cradle,You shouldn't see this boat plug,You shouldn't see this boat plug,,
Faber flight control,Fiver_ModuleEngineController,,,,"no_build_in,hide_in_codex",,,,TRUE,TRUE,0,0,0,0,data.hullmods.Tr.Fiver_ModuleEngineController,You shouldn't see this boat plug,You shouldn't see this boat plug,,
,,,,,,,,,,,,,,,,,,,
"""Woundwort-Haze'nthley"" equipment switching system",Tr6_Haznthley_system,,,,,,,,TRUE,TRUE,0,0,0,0,data.hullmods.Tr.Tr6_Haznthley_system,You shouldn't see this hullmod,You shouldn't see this hullmod,,
"""Woundwort-Haze'nthley"" tactical support equipment",rs_Tr_6_haznthley_support_selector,,,Knights Technology,"no_build_in,hide_in_codex",,,,TRUE,,0,0,0,0,data.hullmods.Tr.Tr_6_selector,Install Haze'nthley-Assault Gear,Use tactical support equipment to go into battle,,graphics/hullmods/Moci_MSSwapHullmod_Bazooka.png
"""Woundwort-Haze'nthley"" tactical assault equipment",rs_Tr_6_haznthley_assault_selector,,,Knights Technology,"no_build_in,hide_in_codex",,,TRUE,,,0,0,0,0,data.hullmods.Tr.Tr_6_selector,Install Haze'nthley-Support Equipment,Go into battle using Tactical Assault equipment,,graphics/hullmods/Moci_MSSwapHullmod_Bazooka.png
,,,,,,,,,,,,,,,,,,,
"""Bazam"" equipment switching system",vow_VMS_14_system,,,,,,,,TRUE,TRUE,0,0,0,0,data.hullmods.Tr.VMS_14_system,You shouldn't see this boat plug,You shouldn't see this boat plug,,
"""Bazam"" Hammurabi-Support Equipment",vow_VMS_14_firesupport_selector,,,Oathkeeper Design,"no_build_in,hide_in_codex",,,TRUE,,,0,0,0,0,data.hullmods.Tr.VMS_14_selector1,Install Hammurabi-Assault Equipment,Use tactical support equipment to go into battle,,graphics/hullmods/Moci_MSSwapHullmod_Bazooka.png
"""Bazam"" Hammurabi-Assault Equipment",vow_VMS_14_assault_selector,,,Oathkeeper Design,"no_build_in,hide_in_codex",,,TRUE,,,0,0,0,0,data.hullmods.Tr.VMS_14_selector2,Install Hammurabi-Support Equipment,Go into battle using Tactical Assault equipment,,graphics/hullmods/Moci_MSSwapHullmod_Bazooka.png
,,,,,,,,,,,,,,,,,,,
"""Caspian"" equipment switching system",vow_VMS_15_system,,,,,,,,TRUE,TRUE,0,0,0,0,data.hullmods.Tr.VMS_15_system,You shouldn't see this boat plug,You shouldn't see this boat plug,,
"""Caspian"" Hammurabi-Assault Equipment",vow_VMS_15_assault_selector,,,Oathkeeper Design,"no_build_in,hide_in_codex",,,TRUE,,,0,0,0,0,data.hullmods.Tr.VMS_15_selector,Install Hammurabi-Assault Equipment,Go into battle using Tactical Assault equipment,,graphics/hullmods/Moci_MSSwapHullmod_Bazooka.png
"""Caspian"" Hammurabi-Support Equipment",vow_VMS_15_firesupport_selector,,,Oathkeeper Design,"no_build_in,hide_in_codex",,,TRUE,,,0,0,0,0,data.hullmods.Tr.VMS_15_selector,Install Hammurabi-Support Equipment,Go into battle using Tactical Assault equipment,,graphics/hullmods/Moci_MSSwapHullmod_Bazooka.png
,,,,,,,,,,,,,,,,,,,
"""Piety"" Hull Switching System",VOW_PiafidesSystem,,,Oathkeeper Design,,,,,TRUE,TRUE,0,0,0,0,data.hullmods.VOW.VOW_PiafidesSystem,You shouldn't see this boat plug,You shouldn't see this boat plug,,
"""Piety"" Type A",vow_piafidesA_selector,,,Oathkeeper Design,"no_build_in,hide_in_codex",,,,TRUE,,0,0,0,0,data.hullmods.VOW.VOW_Piafides_selector,Adjusted to Type A hull,,,
"""Devotion"" Type B",vow_piafidesB_selector,,,Oathkeeper Design,"no_build_in,hide_in_codex",,,,TRUE,,0,0,0,0,data.hullmods.VOW.VOW_Piafides_selector,Adjusted to Type B hull,,,
"""Devotion"" Type C",vow_piafidesC_selector,,,Oathkeeper Design,"no_build_in,hide_in_codex",,,,TRUE,,0,0,0,0,data.hullmods.VOW.VOW_Piafides_selector,,,,
,,,,,,,,,,,,,,,,,,,
"""Admonishment"" Hull Switching System",VOW_AdmonitioSystem,,,Oathkeeper Design,,,,,TRUE,TRUE,0,0,0,0,data.hullmods.VOW.VOW_AdmonitioSystem,You shouldn't see this boat plug,You shouldn't see this boat plug,,
"""Admonishment"" Type A",vow_admonitioA_selector,,,Oathkeeper Design,"no_build_in,hide_in_codex",,,,TRUE,,0,0,0,0,data.hullmods.VOW.VOW_Admonitio_selector,Adjusted to Type A hull,,,
"""Admonishment"" Type B",vow_admonitioB_selector,,,Oathkeeper Design,"no_build_in,hide_in_codex",,,,TRUE,,0,0,0,0,data.hullmods.VOW.VOW_Admonitio_selector,Adjusted to Type B hull,,,
"""Admonishment"" Type C",vow_admonitioC_selector,,,Oathkeeper Design,"no_build_in,hide_in_codex",,,,TRUE,,0,0,0,0,data.hullmods.VOW.VOW_Admonitio_selector,,,,
,,,,,,,,,,,,,,,,,,,
"""Discipline"" hull switching system",VOW_DisciplinaSystem,,,Oathkeeper Design,,,,,TRUE,TRUE,0,0,0,0,data.hullmods.VOW.VOW_DisciplinaSystem,You shouldn't see this boat plug,You shouldn't see this boat plug,,
"""Discipline"" Type A",vow_disciplinaA_selector,,,Oathkeeper Design,"no_build_in,hide_in_codex",,,,TRUE,,0,0,0,0,data.hullmods.VOW.VOW_Disciplina_selector,Adjusted to Type A hull,,,
“Discipline” Type B,vow_disciplinaB_selector,,,Oathkeeper Design,"no_build_in,hide_in_codex",,,,TRUE,,0,0,0,0,data.hullmods.VOW.VOW_Disciplina_selector,Adjusted to Type B hull,,,
,,,,,,,,,,,,,,,,,,,
"""Punishment"" Hull Switching System",VOW_CastigatioSystem,,,Oathkeeper Design,,,,,TRUE,TRUE,0,0,0,0,data.hullmods.VOW.VOW_CastigatioSystem,You shouldn't see this hullmod,You shouldn't see this hullmod,,
"""Punishment"" Type A",vow_castigatioA_selector,,,Oathkeeper Design,"no_build_in,hide_in_codex",,,,TRUE,,0,0,0,0,data.hullmods.VOW.VOW_Castigatio_selector,Adjusted to Type A hull,,,
"""Punishment"" Type B",vow_castigatioB_selector,,,Oathkeeper Design,"no_build_in,hide_in_codex",,,,TRUE,,0,0,0,0,data.hullmods.VOW.VOW_Castigatio_selector,Adjusted to Type B hull,,,
,,,,,,,,,,,,,,,,,,,
,,,,,,,,,,,,,,,,,,,
floating gun module,Moci_Module_Drone,,,,"no_build_in,hide_in_codex",,,,TRUE,TRUE,0,0,0,0,data.hullmods.Moci_Module_Drone,You shouldn't see this hullmod,You shouldn't see this hullmod,,
,,,,,,,,,,,,,,,,,,,
,,,,,,,,,,,,,,,,,,,
,,,,,,,,,,,,,,,,,,,
,,,,,,,,,,,,,,,,,,,
,,,,,,,,,,,,,,,,,,,
,,,,,,,,,,,,,,,,,,,
