name,id,tier,rarity,base value,range,damage/second,damage/shot,emp,impact,turn rate,OPs,ammo,ammo/sec,reload size,type,energy/shot,energy/second,chargeup,chargedown,burst size,burst delay,min spread,max spread,spread/shot,spread decay/sec,beam speed,proj speed,launch speed,flight time,proj hitpoints,hints,tags,groupTag,tech/manufacturer,for weapon tooltip>>,primaryRoleStr,speedStr,trackingStr,turnRateStr,accuracyStr,customPrimary,customPrimaryHL,customAncillary,customAncillaryHL,noDPSInTooltip,number
#红条骑士团常规,————————,,,,,,,,,,,,,,,,,,,,,,,,,,,,,,,,,,,,,,,,,,,,,
涤尘近防炮,rs_aeriallavatio_small,1,0.5,600,450,,40,1,1,70,5,,,,FRAGMENTATION,5,,0,0.15,1,,0,15,1.5,15,,900,,,10,PD,"pd7, SR,kinetic4, rs_bp",,红条骑士团,,点防,,,,,每颗弹丸有{%s}的概率转为造成动能伤害。,15%,,,,8.51
涤尘近防炮_动能弹丸,rs_aeriallavatio_small_sup,,,600,450,,40,5,1,70,5,,,,KINETIC,7,,0,0.15,1,,0,15,1.5,15,,900,,,10,"PD, SYSTEM",,,红条骑士团,,点防,,,,,,,,,,8.52
涤尘近防列阵,rs_aeriallavatio_medium,1,0.5,1000,450,,40,1,1,25,11,,,,FRAGMENTATION,5,,0,0.15,1,,0,20,2,15,,900,,,10,PD,"pd7, SR,kinetic4, rs_bp",,红条骑士团,,点防,,,,,每颗弹丸有{%s}的概率转为造成动能伤害。,15%,,,,8.53
涤尘近防列阵_动能弹丸,rs_aeriallavatio_medium_sup,,,1000,450,,40,5,1,25,10,,,,KINETIC,7,,0,0.15,1,,0,20,2,15,,900,,,10,"PD, SYSTEM",,,红条骑士团,,点防,,,,,,,,,,8.54
持正 单装质量发射器,rs_justiceconfessor_small,1,0.5,5500,800,,400,250,45,45,7,,,,FRAGMENTATION,250,,0,1,1,,0,3,0.5,12,,950,,,75,STRIKE,"strike18,kinetic10,ind,rs_bp",,红条骑士团,,火力打击,较快,良好,,,击中装甲或船体时，随机造成50-250高爆伤害,,,,,9.1
持正 双联装质量发射器,rs_justiceconfessor_medium,2,0.5,9000,800,,400,250,45,35,14,,,,FRAGMENTATION,250,,0,0.5,1,,0,3,0.5,12,,950,,,75,STRIKE,"strike18,kinetic10,rs_bp",,红条骑士团,,火力打击,较快,良好,,,击中装甲或船体时，随机造成50-250高爆伤害,,,,,9.2
持正 三联装质量发射器,rs_justiceconfessor_large,3,0.3,2500,800,,400,250,45,25,24,,,,FRAGMENTATION,250,,0,0.33,1,,0,3,0.5,12,,950,,,75,STRIKE,"strike18,kinetic10,rs_bp",,红条骑士团,,火力打击,较快,良好,,,击中装甲或船体时，随机造成50-250高爆伤害,,,,,9.3
慈悲 大型质量投射阵列,rs_misericorde_large,3,0.4,9600,800,,45,12,5,14,30,60,8,10,KINETIC,45,,0.025,0.025,1,,0,5,0.25,5,,950,,,25,STRIKE,"kinetic20,strike18,rs_bp",,红条骑士团,,压制,较快,良好,,,击中装甲或船体时，随机造成5-25高爆伤害,,,,,10.1
慈悲 中型质量投射器,rs_misericorde_medium,2,0.6,4600,800,,45,12,5,25,20,30,5,10,KINETIC,45,,0.025,0.025,1,,0,10,0.5,5,,950,,,25,STRIKE,"kinetic20,strike18,rs_bp",,红条骑士团,,压制,较快,良好,,,击中装甲或船体时，随机造成5-25高爆伤害,,,,,10.2
祛恶 双联装质量递送器,rs_pyreticon_large,2,0.5,10000,1000,,250,50,100,14,24,,,,KINETIC,325,,0,1.75,1,,0,3,0.75,12,,1100,,,90,STRIKE,"kinetic20,strike18,rs_bp",,红条骑士团,,中距离支援,较慢,良好,,,击中装甲或船体时，随机造成50-250高爆伤害,,,,,12.1
祛恶 单装质量递送器,rs_pyreticon_medium,1,0.6,4500,1000,,250,50,100,22,12,,,,KINETIC,325,,0,1.75,1,,0,6,1.1,12,,1100,,,90,STRIKE,"kinetic20,strike18,rs_bp",,红条骑士团,,中距离支援,较慢,良好,,,击中装甲或船体时，随机造成50-250高爆伤害,,,,,12.2
爱国者导弹发射器,rs_daodan,1,0.4,4500,10000,,400,400,25,20,20,90,,,ENERGY,,,0,8,9,0.4,0,0,0,0,,475,125,25,270,"DO_NOT_AIM, CONSERVE_5","missile18, strike15, rs_bp",,红条骑士团,,支援,中等,良好,,,,,,,,12.5
破岩 MRM 突进 发射器,rs_petrarupt,3,0.65,7500,2000,,600,300,20,10,24,12,0.15,3,ENERGY,125,,0,10,6,0.75,0,0,0,0,,425,75,7,225,"DO_NOT_AIM, CONSERVE_1","missile20, strike13, utility15, rare_bp, hist1t, merc",,红条骑士团,,支援,较快,普通,,,击中物体时，对目标造成最多500额外能量伤害和1200额外{EMP}伤害，该伤害也会波及大范围内的舰船和战机。,,,,,4359
破岩 MRM 突进 挂架,rs_petrarupt_m,,,7500,2000,,600,300,20,10,,6,,,ENERGY,0,,0,10,2,0.75,0,0,0,0,,425,150,5,225,"DO_NOT_AIM, CONSERVE_1,SYSTEM","missile20, strike13, utility15, rare_bp, hist1t, merc, ind",,红条骑士团,,支援,较快,普通,,,击中物体时，对目标造成最多500额外能量伤害和1200额外{EMP}伤害，该伤害也会波及大范围内的舰船和战机。,,,,,4359
集束鱼雷挂架,rs_lasertorpedo,2,0.5,3400,2000,,2000,1000,0,10,10,4,0.015,,ENERGY,200,,0,5,,,,,,,,375,50,10,375,"DO_NOT_AIM, STRIKE","strike12, missile15, rs_bp, damage_special ,rs_praetorianorum_bp",,红条骑士团,,打击,,,,,%s 在一定范围外爆炸并散步集束子弹，每一发子弹命中船体是会剥离被命中点200装甲,集束弹头:,直击产生的爆炸仅造成其潜在伤害的一半.,,,
集束鱼雷挂点,rs_lasertorpedo_s,2,0.7,1700,2000,,2000,1000,0,10,5,2,0.025,,ENERGY,200,,0,5,,,,,,,,375,50,10,375,"DO_NOT_AIM, STRIKE","strike12, missile15, rs_bp, damage_special ,rs_praetorianorum_bp",,红条骑士团,,打击,,,,,%s 在一定范围外爆炸并散步集束子弹，每一发子弹命中船体是会剥离被命中点200装甲,集束弹头:,直击产生的爆炸仅造成其潜在伤害的一半.,,,
裂地重型鱼雷发射器,rs_scindeterram,2,0.75,5750,1250,,2400,,100,10,17,15,0.005,,FRAGMENTATION,0,,0,5,3,0.15,0,0,5,5,,500,100,5,275,STRIKE,"strike16, rocket14, rs_praetorianorum_bp",,红条骑士团,,鱼雷,较快,无,,,击中物体时，对目标造成最多500额外能量伤害和1200额外{EMP}伤害，该伤害也会波及大范围内的舰船和战机。,,,,,
偏相长程巡航导弹,cr_phasecruisemissile,,,500000,5000,,6000,2000,120,10,30,3,0.05,,ENERGY,3000,,0,8,1,,0,0,0,0,,200,100,50,3000,"STRIKE, DO_NOT_AIM","strike20, missile20,  restricted",,红条骑士团,,长程巡航,较慢,优秀,,,,,,,TRUE,4360
,,,,,,,,,,,,,,,,,,,,,,,,,,,,,,,,,,,,,,,,,,,,,,
#禁卫军武备,,,,,,,,,,,,,,,,,,,,,,,,,,,,,,,,,,,,,,,,,,,,,,
“福音” 大型能量霰射炮,rs_scattercannon_L,3,0.4,11000,850,,750,,10,12,22,6,0.3,1,ENERGY,750,,0.25,0.25,,,,,,,,1200,,,,"DO_NOT_CONSERVE, STRIKE, USE_VS_FRIGATES","strike18,energy15, kinetic10,rs_praetorianorum_bp",,红条近卫军团,,打击/压制,,,一般,普通,每次开火会生成围绕着拥有 %s 伤害的核心弹丸分布的拥有 %s 与 %s 伤害的能量子弹丸,300 | 25 | 75,,,,
核心弹头,rs_scattercannon_core,3,,0,850,,300,,5,16,5,,,,ENERGY,0,,,1,,,,,,,,1150,,,,"SYSTEM, STRIKE, USE_VS_FRIGATES",hide_in_codex,,,,,,,,,,,,,,
辅助弹头,rs_scattercannon_sub,3,,0,850,,60,,3,16,5,,,,ENERGY,0,,,1,,,,,,,,1250,,,,"SYSTEM, STRIKE, USE_VS_FRIGATES",hide_in_codex,,,,,,,,,,,,,,
微型弹头,rs_scattercannon_submicro,3,,0,850,,40,,1,16,5,,,,ENERGY,0,,,1,,,,,,,,1200,,,,"SYSTEM, STRIKE, USE_VS_FRIGATES",hide_in_codex,,,,,,,,,,,,,,
“福音 ” 中型能量霰射炮,rs_scattercannon_M,3,0.6,6000,700,,600,,10,20,13,3,0.2,1,ENERGY,500,,0.25,0.25,,,,,,,,1200,,,,"DO_NOT_CONSERVE, STRIKE, USE_VS_FRIGATES","strike18,energy15, kinetic10,rs_praetorianorum_bp",,红条近卫军团,,打击/压制,,,较快,普通,每次开火会生成围绕着拥有 %s 伤害的核心弹丸分布的拥有 %s 与 %s 伤害的能量子弹丸,300 | 25 | 50,,,,
核心弹头,rs_scattercannon_core_M,3,,0,700,,300,,5,16,5,,,,ENERGY,0,,,1,,,,,,,,1150,,,,"SYSTEM, STRIKE, USE_VS_FRIGATES",hide_in_codex,,,,,,,,,,,,,,
辅助弹头,rs_scattercannon_sub_M,3,,0,700,,45,,3,16,5,,,,ENERGY,0,,,1,,,,,,,,1250,,,,"SYSTEM, STRIKE, USE_VS_FRIGATES",hide_in_codex,,,,,,,,,,,,,,
微型弹头,rs_scattercannon_submicro_M,3,,0,700,,25,,1,16,5,,,,ENERGY,0,,,1,,,,,,,,1200,,,,"SYSTEM, STRIKE, USE_VS_FRIGATES",hide_in_codex,,,,,,,,,,,,,,
,,,,,,,,,,,,,,,,,,,,,,,,,,,,,,,,,,,,,,,,,,,,,,
“经世 ” 中型机炮,rs_oeconomia_M,3,0.45,5000,700,,80,,3,30,12,32,4,8,HIGH_EXPLOSIVE,45,,0,0.125,1,,4,10,0.5,5,,900,,,30,,"strike18, energy10, rs_praetorianorum_bp",,红条近卫军团,,通用/压制,,,,,命中船体或装甲时有 %s 概率产生打击武器与引擎的电弧，造成额外相当于弹体1/4的 EMP 与能量伤害。当命中护盾时，将根据目标硬幅能水平随机产生穿透护盾的电弧。,3%,,,,
“经世 ” 大型机炮,rs_oeconomia_L,3,0.3,10000,800,,80,,3,30,24,48,4,12,HIGH_EXPLOSIVE,45,,0,0.075,1,,4,10,0.5,5,,900,,,30,,"strike18, energy10, rs_praetorianorum_bp",,红条近卫军团,,通用/压制,,,,,命中船体或装甲时有 %s 概率产生打击武器与引擎的电弧，造成额外相当于弹体1/4的 EMP 与能量伤害。当命中护盾时，将根据目标硬幅能水平随机产生穿透护盾的电弧。,3%,,,,
,,,,,,,,,,,,,,,,,,,,,,,,,,,,,,,,,,,,,,,,,,,,,,
打击 长程双联装压制火炮,rs_pao,2,,6000,1000,,500,300,10,25,28,,,,ENERGY,650,,0,1.0,1,,0,5,1,10,,1100,,,75,"STRIKE, USE_VS_FRIGATES","energy18, he17, kinetic17, rs_praetorianorum_bp",,红条骑士团,,普通,,,,,,,,,,7.5
,,,,,,,,,,,,,,,,,,,,,,,,,,,,,,,,,,,,,,,,,,,,,,
超验 大型能量投送器,rs_abnegatio,3,0.2,24000,1200,,800,450,100,8,40,,,,ENERGY,1000,,2,6.5,1,,,,,,,10000,,,,"STRIKE, USE_VS_FRIGATES","energy20, LR ,rs_praetorianorum_bp",,红条近卫军团,打击/压制,长程支援,,完美,,,开火时向武器指向处最近的目标施放一道必定会命中的 EMP 电弧。,,,,,19.251
断罪 大型质量约束装置,rs_judexterminatus,3,0.2,24000,1200,,2400,0,200,8,35,,,,ENERGY,3000,,1.5,7.5,1,,0,2,2,12,,1750,,,110,"STRIKE, USE_VS_FRIGATES","strike18, energy10, rs_praetorianorum_bp",,红条近卫军团,,长程支援,较慢,精准,,,,,,,,11.1
,nslance_minelayer,0,,,,,650,,25,,,,,,ENERGY,0,,,,1,,,,,,,0,0,20,1000,SYSTEM,,,,,,,,,,,,,,,
,,,,,,,,,,,,,,,,,,,,,,,,,,,,,,,,,,,,,,,,,,,,,,
#十字军常规,————————,,,,,,,,,,,,,,,,,,,,,,,,,,,,,,,,,,,,,,,,,,,,,
长程能量加农17型,cr_LEA_17,3,0.5,2500,850,,200,25,25,20,7,,,,ENERGY,225,,0.25,1.25,1,,0,5,1.5,2.5,,950,,,50,"STRIKE, USE_VS_FRIGATES","strike18,kinetic10,cr_norwea_bp,crusaders ,rs_praetorianorum_bp",,十字军计划,,长程支援,,,中等,普通,命中船体或装甲时有 %s 概率产生打击武器与引擎的电弧，造成额外相当于弹体1/4的 EMP 与能量伤害。当命中护盾时，将根据目标硬幅能水平随机产生穿透护盾的电弧。,3%,,,,76.1
长程能量加农26型,cr_LEA_26,3,0.4,4500,1000,,300,50,100,14,12,,,,ENERGY,325,,0.25,0.75,1,,0,6,1.5,2.5,,1190,,,75,"STRIKE, USE_VS_FRIGATES","strike18,kinetic10,cr_norwea_bp,crusaders, rs_praetorianorum_bp",,十字军计划,,长程支援,,,中等,普通,命中船体或装甲时有 %s 概率产生打击武器与引擎的电弧，造成额外相当于弹体1/4的 EMP 与能量伤害。当命中护盾时，将根据目标硬幅能水平随机产生穿透护盾的电弧。,3%,,,,76.2
长程能量加农51型,cr_LEA_51,3,0.2,6500,1000,,1350,100,150,8,26,,,,ENERGY,1500,,0.25,3,1,,0,4,2,2,,1400,,,125,"STRIKE, USE_VS_FRIGATES","energy20, rare_bp, hist1t,cr_norwea_bp,crusaders, LR ,rs_praetorianorum_bp",,十字军计划,,长程支援,,,中等,普通,失稳：命中护盾或船体时，使被命中单位受到伤害提升20％，持续5秒，不可叠加。,,,,,76.3
中程能量压制火炮04型,cr_MEP_04,3,0.5,1750,550,,75,5,5,18,5,,,,HIGH_EXPLOSIVE,70,,0,2.3,4,0.05,0,8,2,3,,850,,,45,"STRIKE, USE_VS_FRIGATES","strike18,cr_norwea_bp,crusaders ,rs_praetorianorum_bp",,十字军计划,,中程打击,,,中等,普通,命中船体或装甲时有 %s 概率产生打击武器与引擎的电弧，造成额外相当于弹体1/4的 EMP 与能量伤害。当命中护盾时，将根据目标硬幅能水平随机产生穿透护盾的电弧。,3%,,,,77.1
中程能量压制火炮15型,cr_MEP_15,3,0.4,3900,700,,125,50,20,12,11,,,,HIGH_EXPLOSIVE,125,,0,0.75,2,0.1,0,8,1.5,3,,950,,,65,"STRIKE, USE_VS_FRIGATES","strike18,cr_norwea_bp,crusaders ,rs_praetorianorum_bp",,十字军计划,,中程打击,,,中等,普通,命中船体或装甲时有 %s 概率产生打击武器与引擎的电弧，造成额外相当于弹体1/4的 EMP 与能量伤害。当命中护盾时，将根据目标硬幅能水平随机产生穿透护盾的电弧。,3%,,,,77.2
中程能量压制火炮43型,cr_MEP_43,3,0.3,5300,850,,375,150,20,8,22,,,,HIGH_EXPLOSIVE,300,,0,1,1,,0,6,1.5,2,,1190,,,80,"STRIKE, USE_VS_FRIGATES","strike18,cr_norwea_bp,crusaders ,rs_praetorianorum_bp",,十字军计划,,中程打击,,,中等,普通,命中船体或装甲时有 %s 概率产生打击武器与引擎的电弧，造成额外相当于弹体1/4的 EMP 与能量伤害。当命中护盾时，将根据目标硬幅能水平随机产生穿透护盾的电弧。,3%,,,,77.3
能量近距防御系统69型,cr_EFlak_69,3,0.5,1450,500,,75,10,5,25,5,,,,FRAGMENTATION,30,,0,0.2,1,,0,10,1,5,,800,,,15,PD,"pd7, SR,kinetic4, cr_norwea_bp,crusaders ,rs_praetorianorum_bp",,十字军计划,,点防,,,较快,普通,,,,,,78.1
能量近距防御阵列69型,cr_EFlakT_69,3,0.4,3000,500,,75,10,5,20,10,,,,FRAGMENTATION,30,,0,0.2,2,,0,7,0.5,7,,800,,,15,PD,"pd7, SR,kinetic4, cr_norwea_bp,crusaders ,rs_praetorianorum_bp",,十字军计划,,点防,,,较快,普通,,,,,,78.1
能量短程压制阵列38型,cr_SEHP_38,3,0.2,7000,700,,55,,20,10,30,45,10,15,KINETIC,50,,0,0.05,1,,0,5,0.25,5,,1200,,,20,"STRIKE, USE_VS_FRIGATES","strike22,kinetic19, cr_norwea_bp, hist1t,crusaders ,rs_praetorianorum_bp",,十字军计划,,反护盾/压制,,,,,对打击护盾较为有效的大型型能量武器，可以高压力持续压迫敌方单位护盾。击中装甲或船体时，随机造成15-45破片伤害,,,,,
能量打击火炮11型,cr_KEP_11,3,0.4,2700,700,,55,25,15,17,8,,,,KINETIC,55,,0,5,15,0.04,0,7,1.5,7,,950,,,50,"STRIKE, USE_VS_FRIGATES","strike20,kinetic18,cr_norwea_bp,crusaders ,rs_praetorianorum_bp",,十字军计划,,反护盾,,,中等,普通,对打击护盾较为有效的小型能量武器。击中装甲或船体时，随机造成15-45破片伤害,,,,,79.1
能量打击火炮21型,cr_KEP_21,3,0.3,4950,850,,150,50,30,13,14,6,1,3,KINETIC,100,,0,0.14,1,0.06,0,5,1.5,5,,1250,,,95,"STRIKE, USE_VS_FRIGATES","strike20,kinetic18,cr_norwea_bp,crusaders ,rs_praetorianorum_bp",,十字军计划,,反护盾,,,中等,普通,对打击护盾较为有效的中型型能量武器，在中距离内持续压迫敌方单位护盾。击中装甲或船体时，随机造成15-45破片伤害,,,,,79.2
通用制导火箭发射挂架,cr_url_m,3,0.3,5100,2000,,175,25,45,8,16,40,0.25,10,KINETIC,45,,0,12,10,0.35,0,0,0,0,,500,175,7,150,"STRIKE, DO_NOT_AIM, USE_VS_FRIGATES","missile20, strike13, utility15, hist1t,cr_norwea_bp,crusaders ,rs_praetorianorum_bp",,十字军计划,,反护盾/压制,中等,普通,,,,,,,,80.1
,,,,,,,,,,,,,,,,,,,,,,,,,,,,,,,,,,,,,,,,,,,,,,
#誓言者常规,,,,,,,,,,,,,,,,,,,,,,,,,,,,,,,,,,,,,,,,,,,,,,
焚尽 大型粒子投射器,vow_Ignis_l,2,0.25,15000,1000,7000,,50,500,8,24,,,,FRAGMENTATION,,5000,0.5,0.5,1,7,0,,,,30000,,,,,"STRIKE, USE_VS_FRIGATES ,FIRE_WHEN_INEFFICIENT","strike20,energy18, vownor_bp",,誓言者设计,,终结/瘫痪,,,,,命中目标时产生数道打击武器与引擎的电弧，造成额外 EMP 与能量伤害。,,,,,
焚尽 小型粒子投射器,vow_Ignis_s,1,0.35,2500,600,1200,,25,100,35,6,,,,FRAGMENTATION,,350,0.25,0.25,1,3,0,,,,30000,,,,,FIRE_WHEN_INEFFICIENT,"strike20,energy18, vownor_bp",,誓言者设计,,终结/瘫痪,,,,,命中目标时产生数道打击武器与引擎的电弧，造成额外 EMP 与能量伤害。,,,,,
捆缚 迟滞力场,vow_ligatio,2,0.75,2000,550,175,,10,500,30,11,,,,FRAGMENTATION,,150,0.1,,,,0,,,,10000,,,,,"PD, PD_ONLY, ANTI_FTR, FIRE_WHEN_INEFFICIENT","pd14, vownor_bp",,誓言者设计,扰乱,点防御 (范围),,,,,生成一个张开 %s 的力场，减缓其中的导弹和战机并对其造成伤害。,40 度角,,,,
捆缚 迟滞射线,vow_ligatio_s,1,0.75,1000,550,100,,5,500,50,4,,,,ENERGY,,25,,,,,0,,,,10000,,,,,"PD, PD_ONLY, ANTI_FTR, FIRE_WHEN_INEFFICIENT","pd14, vownor_bp",,誓言者设计,扰乱,点防御,,,,,减速被照射的导弹和战机并对其施加推力。,,,,,
圣刺 大型粒子穿射装置,vow_Sanctaferit_l,2,0.4,12000,800,3600,,,10,14,20,4,0.6,4,HIGH_EXPLOSIVE,,8400,0,0.33,0.1,,0,,,,50000,,,,,"PD_ALSO ,FIRE_WHEN_INEFFICIENT","energy18, vownor_bp",,誓言者设计,,压制/破甲,,,,,每道光束命中目标时产生拥有 25 动能伤害的电弧，并且所有光束照射同一位置时产生一起拥有 100 高爆伤害的小型爆炸。,,,,,
圣刺 中型粒子穿射装置,vow_Sanctaferit_m,2,0.45,8000,700,1800,,,5,28,10,6,0.5,6,HIGH_EXPLOSIVE,,5000,0,0.33,0.1,,0,,,,50000,,,,,"PD_ALSO ,FIRE_WHEN_INEFFICIENT","energy18, vownor_bp",,誓言者设计,,压制/破甲,,,,,每道光束命中目标时产生拥有 25 动能伤害的电弧，并且所有光束照射同一位置时产生一起拥有 100 高爆伤害的小型爆炸。,,,,,
雷罚 中型粒子激发装置,vow_Tonitruum_m,2,0.5,4500,800,300,,50,5,24,13,,,,KINETIC,,600,0,0.5,0.75,,0,,,,10000,,,,,"PD_ALSO ,FIRE_WHEN_INEFFICIENT","energy18, vownor_bp",,誓言者设计,,压制/瘫痪,,,,,命中目标时产生数道打击武器与引擎的电弧，造成额外 EMP 伤害。,,,,,
雷罚 小型粒子激发装置,vow_Tonitruum_s,1,0.55,3000,700,180,,25,5,32,5,,,,KINETIC,,350,0,0.5,0.75,,0,,,,10000,,,,,"PD_ALSO ,FIRE_WHEN_INEFFICIENT","energy18, vownor_bp",,誓言者设计,,压制/瘫痪,,,,,命中目标时产生数道打击武器与引擎的电弧，造成额外 EMP 伤害。,,,,,
,,,,,,,,,,,,,,,,,,,,,,,,,,,,,,,,,,,,,,,,,,,,,,
#内置武器,————————,,,,,,,,,,,,,,,,,,,,,,,,,,,,,,,,,,,,,,,,,,,,,
晨晖 近程防御系统,cr_eoswhisper,,,,350,150,,50,0,100,,,,,ENERGY,,60,0,0.25,,,,,,,10000,,,,,"SYSTEM,PD","pd7, beam7, SR, hightech_bp, midline_bp, merc, ind,no_drop, no_sell, no_drop_salvage",,十字军计划,近程防御,点防御,,,,,,,,,,
拂垢 霰射PD阵列,rs_flammispurgatorialis,,,,800,,250,50,25,25,,,,,FRAGMENTATION,30,,0.1,0.6,2,0.05,5,20,5,5,,700,,,,"SYSTEM,PD,PD_ALSO",,,红条骑士团,中程防御,区域拒止,,,,,每一枚炮弹均内置了不稳定引信，而导致其可能在超过射程{%s}后提前爆炸，因此距离越近威力越大。,60%,,,,
散雾 中型粒子约束器,cr_nimbusrend_m,,,,1100,5000,,500,90,5,900,,,,KINETIC,,5500,1,0.5,0.5,1.5,,,,,10000,,,,,"FIRE_WHEN_INEFFICIENT, SYSTEM","beam20, LR",,十字军计划,打击/压制,,,,,,命中船体或装甲时大概率产生打击武器与引擎的电弧，造成额外 EMP 与能量伤害。当命中护盾时，将根据目标硬幅能水平随机产生穿透护盾的电弧。,,,,,108976.1
穿云 大型粒子约束器,cr_nimbusrend,,,,1100,4000,,900,150,5,900,,,,ENERGY,,5000,1,1,1.5,3,,,,,10000,,,,,"FIRE_WHEN_INEFFICIENT, SYSTEM","beam20, LR",,十字军计划,打击/压制,,,,,,命中船体或装甲时大概率产生打击武器与引擎的电弧，造成额外 EMP 与能量伤害。当命中护盾时，将根据目标硬幅能水平随机产生穿透护盾的电弧。,,,,,108976.2
裂空 巨型粒子约束器,cr_aetherclasm,,,,1200,12000,,1000,300,5,900,,,,FRAGMENTATION,,7000,1,1,1.5,5.5,,,,,10000,,,,,"FIRE_WHEN_INEFFICIENT, SYSTEM","beam20, LR",,十字军计划,打击/压制/斩杀,斩杀,,,,,命中船体或装甲时大概率产生打击武器与引擎的电弧，造成额外 EMP 与能量伤害。当命中护盾时，将根据目标硬幅能水平随机产生穿透护盾的电弧。,,,,,108976.3
蚀石 MIRV 发射器,cr_lapislull_b,,,,4000,,1500,500,5,15,,12,0.09,,ENERGY,0,,0,15,3,0.75,0,0,0,0,,750,150,10,650,"SYSTEM,DO_NOT_AIM, CONSERVE_1","missile20, strike13, utility15, no_bp_drop,no_drop, no_sell, no_drop_salvage",,十字军计划,打击/压制,饱和支援,较慢,普通,,,,,,,,4359
蚀石 MIRV 埋藏式一体化发射器,cr_lapislull_bl,,,,4000,,1500,500,5,15,,20,0.15,,ENERGY,0,,0,15,5,0.75,0,0,0,0,,750,150,10,650,"SYSTEM,DO_NOT_AIM, CONSERVE_1","missile20, strike13, utility15, no_bp_drop,no_drop, no_sell, no_drop_salvage",,十字军计划,打击/压制,饱和支援,较慢,普通,,,,,,,,4359
蚀石 饱和打击挂架,cr_lapislull_launcher,,,,1750,,175,25,10,20,,120,2,,HIGH_EXPLOSIVE,0,,0,5,30,0.1,0,0,0,0,,475,150,6,150,"SYSTEM, PD_ALSO,DO_NOT_AIM, CONSERVE_1","missile19,no_bp_drop,no_drop, no_sell, no_drop_salvage",TPC_only,十字军计划,压制,饱和支援,,,,,,,,,,
中程拦截系统,crr_pd_missile,,,,1500,,100,30,5,15,,72,6,9,FRAGMENTATION,15,,0.25,0.75,3,0,10,18,18,15,,750,150,4,50,"DO_NOT_AIM, DO_NOT_CONSERVE, ANTI_FTR, PD,SYSTEM,SHOW_IN_CODEX","pd9, missile15,",,余晖,拦截/防空,点防御 (范围),较快,优秀,,,,,,,,
断罪 实验性双联装质量约束器,rs_judexterminatus_twin,,,,1150,,2800,600,300,8,,,,,KINETIC,4000,,1,7,2,0.25,0,4,2,12,,1800,,,200,"SYSTEM,STRIKE,DO_NOT_CONSERVE,FIRE_WHEN_INEFFICIENT","kinetic22, energy18, strike16, LR, no_bp_drop,no_drop, no_sell, no_drop_salvage",,红条骑士团,打击/压制,,,,,,,,,,,91.5
“超脱”大型DEM发射器,cr_contemplatio,,,,2500,,7000,500,125,0,900,2,0.05,1,ENERGY,8500,,0,1,1,,0,0,0,0,,350,50,12,2250,"SYSTEM,DO_NOT_AIM,GUIDED_POOR, STRIKE","missile20, strike13, utility15,hist1t, ind , no_bp_drop,no_drop, no_sell, no_drop_salvage,strike1, missile1, damage_special,restricted",,十字军计划,Torpedo,,,普通,Slow,Good,"The missile fires a high-powered laser when it gets near the target, dealing approximately %s energy damage in a short burst. This damage is affected by missile damage modifiers and not energy weapon ones.",8000,,,TRUE,12.115
“超脱”攻击光束,cr_contemplatio_payload,,,0,900,8000,,2500,,20,0,,,,KINETIC,0,,0,1.5,1,,,,,,1000000,,,,,"SYSTEM, DANGEROUS",fires_one_burst,,,,,,,,,,,,,,12.125
神恩,rs_chesed,,,,850,,1200,400,150,8,,,,,KINETIC,1400,,0.5,3.5,1,0.25,0,4,2,0.3,,1800,,,250,"SYSTEM,SHOW_IN_CODEX",,TPC_only,骑士团实验,打击/压制,长程打击,,,,,,,,,,
神赐,rs_bracha,,,,850,,1200,400,150,8,,,,,ENERGY,1000,,0.5,3.5,1,0.25,0,4,2,0.3,,1800,,,250,"SYSTEM,SHOW_IN_CODEX",,TPC_only,骑士团实验,打击/压制,长程打击,,,,,,,,,,
实验性长程能量加农,rs_LEA_sp,,,,1100,,2100,400,150,8,900,,,,ENERGY,1750,,1.25,3.75,1,,0,4,2,2,,1400,,,125,"SYSTEM,SHOW_IN_CODEX","energy20, LR",,骑士团实验,,长程支援,中等,普通,,,失稳：命中护盾或船体时，使被命中单位受到伤害提升20％，持续5秒，不可叠加。,,,,,76.31
大型电冲连发器,rs_L_shockrepeater,,,,1000,,100,200,0,0,0,,,,ENERGY,150,,0,0.5,5,,,,,,,10000,,,,"SYSTEM,SHOW_IN_CODEX","energy20, LR ,restricted",TPC_only,骑士团实验,打击/压制,支援,,完美,,,开火时向武器指向处最近的目标施放一道必定会命中的 EMP 电弧。,,,,,19.251
“惊霆”实验性轨道加速系统,cr_TerrorIudicii,,,,1100,,8000,400,150,8,900,,,,FRAGMENTATION,4750,,1.25,6.75,1,,0,4,2,2,,1400,,,125,"SYSTEM,SHOW_IN_CODEX","energy20, LR",,十字军计划,打击,长程支援,中等,普通,,,定时引信,,,,,76.33
“皓月”双联装机炮,cr_candordivinus,,,,650,,100,10,,20,,,,,ENERGY,75,,0,0.2,2,,0,5,0.5,5,,800,,,15,"SYSTEM,SHOW_IN_CODEX","pd7, SR,kinetic4,crusaders",,十字军计划,压制,近距支援,,,较快,普通,命中船体或装甲时大概率产生打击武器与引擎的电弧，造成额外 EMP 与能量伤害。当命中护盾时，将根据目标硬幅能水平随机产生穿透护盾的电弧。,,,,,78.1
“赤日”双联装机炮,cr_ignisdei,,,,650,,40,10,,20,,,,,ENERGY,75,,0,0.2,2,,0,5,0.5,5,,800,,,15,"SYSTEM,SHOW_IN_CODEX","pd7, SR,kinetic4,crusaders",,十字军计划,压制,近距支援,,,较快,普通,命中船体或装甲时大概率产生打击武器与引擎的电弧，造成额外 EMP 与能量伤害。当命中护盾时，将根据目标硬幅能水平随机产生穿透护盾的电弧。,,,,,78.1
伯利恒用多用途双联装能量机炮,rs_bethlehem_builtIn,,,,850,,750,150,35,8,,,,,FRAGMENTATION,500,,0,0.5,1,,0,10,2,10,,1250,,,80,"SYSTEM, PD, PD_ALSO",energy20 ，pd7,,骑士团近卫,多用途,中程打击,,,中等,普通,命中船体或护盾时概率产生穿盾电弧。,,,,,77.31
伯利恒用能量打击火炮,rs_bethlehem_builtIn_sub,,,,850,,175,50,19,13,,,,,KINETIC,215,,0,0.25,1,,0,4,1,4,,1250,,,45,SYSTEM,kinetic10,,骑士团近卫,压制,反护盾,,,中等,普通,对打击护盾较为有效的中型型能量武器，在中距离内持续压迫敌方单位护盾。,,,,,79.2
伯利恒无人机发射阵列,rs_dorne_launch,,,,6000,,750,,,,,,,,ENERGY,1000,,1,12,7,1.5,0,0,0,0,,300,150,,450,"SYSTEM, ANTI_FTR, DO_NOT_AIM, DO_NOT_CONSERVE","missile19, strike15, rare_bp, merc, ind, no_bp_drop,no_drop, no_sell, no_drop_salvage,Moci_LimitedLanding",,骑士团近卫,压制,无人机投送,,,,,,,,,,
罪羽,rs_sinfulplumage,,,,900,,300,50,25,0,,20,1,,ENERGY,200,,0,0.2,1,,0,10,2,5,,1200,,,,"SYSTEM, STRIKE, USE_VS_FRIGATES",,TPC_only,骑士团实验,打击/压制,中程打击,,,,,命中船体或护盾时概率产生穿盾电弧。,,,,,
高能热脉冲加农炮,rs_constantia_Maingun1,,,,1000,,300,,0,3,,36,3,,ENERGY,300,,0.06,0.06,9,0.06,0,10,2,15,,1200,,,,"SYSTEM, STRIKE, USE_VS_FRIGATES","no_bp_drop,no_drop, no_sell, no_drop_salvage",TPC_only,骑士团实验,打击/压制,中程打击,,,,,命中船体或护盾时概率产生穿盾电弧。,,,,,
大型过充高斯加农,rs_constantia_Maingun2,,,,1200,,850,,300,3,,,,,KINETIC,1450,,1,0.75,3,0.2,0,10,3,10,,1750,,,,"SYSTEM, STRIKE, USE_VS_FRIGATES","kinetic20, LR，no_bp_drop,no_drop, no_sell, no_drop_salvage",TPC_only,骑士团实验,打击/压制,长程支援,,,,,,,,,,
破岩 MRM 内藏式 发射器,rs_petrarupt_b,,,,2500,,600,300,20,,,12,0.3,3,ENERGY,125,,0,4,3,0.5,0,0,0,0,,500,75,8,275,"SYSTEM,DO_NOT_AIM, CONSERVE_1","missile20, strike13, utility15, rare_bp, hist1t, merc",,骑士团近卫,,支援,较快,普通,,,击中物体时，对目标造成最多500额外能量伤害和1200额外{EMP}伤害，该伤害也会波及大范围内的舰船和战机。,,,,,4359
“裁决 ” 脉冲加速器,rs_Ludiciumaccelerator,,,,1000,1000,,,10,25,,,,,ENERGY,,1700,1.5,0.65,0.1,5,,,,,10000,,,,,"SYSTEM, STRIKE, USE_VS_FRIGATES","energy20, beam15,  LR",,骑士团近卫,打击/压制,,,,,,充能完毕后，发射一枚会造成 %s 能量伤害的射弹，命中护盾时会造成{%s}伤害。,2500 | 硬幅能,,,TRUE,
“裁决 ” 脉冲加速器弹丸,rs_Ludiciumaccelerator_main,,,,1100,,2500,400,150,8,900,,,,ENERGY,1750,,1.5,3.75,1,,0,4,2,2,,3000,,,125,"SYSTEM,SHOW_IN_CODEX","energy20, LR",,骑士团实验,,长程支援,中等,普通,,,失稳：命中护盾或船体时，使被命中单位受到伤害提升20％，持续5秒，不可叠加。,,,,,76.31
,,,,,,,,,,,,,,,,,,,,,,,,,,,,,,,,,,,,,,,,,,,,,,
火箭增程榴弹炮,rs_MA01_Maingun,,,,1100,,2000,1000,500,5,,,,,KINETIC,3000,,0,8,1,,,,,,,1250,,,,"SYSTEM, FIRE_WHEN_INEFFICIENT, DO_NOT_CONSERVE",,,,,反舰,,,,,火箭增程榴弹炮,,,,,
热熔裂解光束炮,rs_dsintegratorbean,,,,1100,1750,,500,5,5,,,,,KINETIC,,2200,0.5,1,1,5,,,,,1000000,,,,,"SYSTEM, FIRE_WHEN_INEFFICIENT, DO_NOT_CONSERVE, STRIKE, USE_VS_FRIGATES","energy20, beam15, LR",,骑士团近卫,打击/压制,反舰,,,,,光束会裂解命中点处装甲，对其造成{%s}不被减免的伤害，持续{%s}秒。,1000 | 10,,,,
,,,,,,,,,,,,,,,,,,,,,,,,,,,,,,,,,,,,,,,,,,,,,,
蝴蝶兰左翼,rs_TMA_MA_Wing_Left,,,,1750,,175,25,10,20,,60,1,,ENERGY,10,,0,12,15,0.2,0,0,0,0,,475,50,9,100,"SYSTEM, PD_ALSO","missile19,no_bp_drop,no_drop, no_sell, no_drop_salvage",TPC_only,骑士团实验,压制,中程打击,,,,,,,,,,
蝴蝶兰右翼,rs_TMA_MA_Wing_Right,,,,1750,,175,25,10,20,,60,1,,ENERGY,10,,0,12,15,0.2,0,0,0,0,,475,50,9,100,"SYSTEM, PD_ALSO","missile19,no_bp_drop,no_drop, no_sell, no_drop_salvage",TPC_only,骑士团实验,压制,中程打击,,,,,,,,,,
,,,,,,,,,,,,,,,,,,,,,,,,,,,,,,,,,,,,,,,,,,,,,,
紫罗兰头部火神炮,rs_MSA0011(Bst)303E_Head,,,,350,,50,5,1,75,,,,,FRAGMENTATION,1,,0,0.05,1,,0,15,1,15,,800,,,10,"SYSTEM, PD, PD_ALSO",,,,,点防御,,,,,,,,,,
紫罗兰能量步枪,rs_MSA0011(Bst)303E_Rifle,,,,900,,275,,0,15,,36,2.25,6,KINETIC,300,,0,0.5,3,0.15,,,,,,1400,,,,"SYSTEM, FIRE_WHEN_INEFFICIENT, DO_NOT_CONSERVE",,,,,反护盾,较快,,,,,,,,,
手持电冲连发器,rs_MSA0011(Bst)303E_Left,,,,600,,150,200,0,0,,,,,ENERGY,100,,0,1.5,3,,,,,,,10000,,,,"SYSTEM, PD, PD_ALSO","energy20, restricted",TPC_only,骑士团实验,打击/压制,支援,,完美,,,开火时向武器指向处最近的目标施放三道必定会命中的 EMP 电弧。,,,,,19.251
胸部光束加农炮,rs_MSA0011(Bst)303E_Bean,,,,1000,1500,,,0,50,,,,,KINETIC,,2150,1.5,5.5,2.5,,,,,,1000000,,,,,"SYSTEM, FIRE_WHEN_INEFFICIENT, DO_NOT_CONSERVE",,,,,反舰,,,,,光束会在路径以及命中点产生大量的电弧。,,,,,
特装巨型粒子炮,rs_MSA0011(Bst)303E_Maingun,,,,1500,,8000,4000,800,2,900,,,,ENERGY,9750,,2.25,6.75,1,,0,0,0,0,,3500,,,400,"SYSTEM, STRIKE, DO_NOT_CONSERVE, FIRE_WHEN_INEFFICIENT","energy20, strike18,LR,no_drop, no_drop_salvage, restricted",,骑士团实验,打击,毁灭打击,中等,普通,,,,,,,,76.33
,,,,,,,,,,,,,,,,,,,,,,,,,,,,,,,,,,,,,,,,,,,,,,
大型米加光束炮,rs_RX78_GP03D_Maingun,,,,1500,,4500,1000,500,50,,,,,KINETIC,5500,,1.5,6.5,1,,,,,,,2500,,,,"SYSTEM, FIRE_WHEN_INEFFICIENT, DO_NOT_CONSERVE",,,,,反舰,,,,,光束会在路径以及命中点产生大量的电弧。,,,,,
石斛兰爪型光束炮左,rs_RX78_GP03D_Left_Bean,,,,1000,1500,,1000,0,7,,,,,ENERGY,,2000,0.5,1,1,4,,,,,10000,,,,,SYSTEM,"energy20, beam15, LR, rare_bp, hist1t, merc, ind",FIRE_WHEN_INEFFICIENT,,,压制,,Suppression,,,,,"Hits on hull or armor frequently arc to weapons and engines, dealing extra EMP and energy damage. Hits on shields have a chance to generate a shield-penetrating arc based on the target's hard flux level.",,,
石斛兰爪型光束炮右,rs_RX78_GP03D_Right_Bean,,,,1000,1500,,1000,0,7,,,,,ENERGY,,2000,0.5,1,1,4,,,,,10000,,,,,SYSTEM,"energy20, beam15, LR, rare_bp, hist1t, merc, ind",FIRE_WHEN_INEFFICIENT,,,压制,,Suppression,,,,,"Hits on hull or armor frequently arc to weapons and engines, dealing extra EMP and energy damage. Hits on shields have a chance to generate a shield-penetrating arc based on the target's hard flux level.",,,
石斛兰爪型光束剑左,rs_RX78_GP03D_Left_BeanSword,,,,300,4500,,500,20,80,,,,,ENERGY,,600,0.33,0.66,1.2,3,,,,,1000000,,,,,"SYSTEM,DANGEROUS,DO_NOT_AIM,PD_ALSO",MOCI_BLADE,,,,近战,,,,,一旦命中就会造成全额伤害，这种近战武器的射程在超出基础射程后伤害会快速衰减。,,,,,
石斛兰爪型光束剑右,rs_RX78_GP03D_Right_BeanSword,,,,300,4500,,500,20,80,,,,,ENERGY,,600,0.33,0.66,1.2,3,,,,,1000000,,,,,"SYSTEM,DANGEROUS,DO_NOT_AIM,PD_ALSO",MOCI_BLADE,,,,近战,,,,,一旦命中就会造成全额伤害，这种近战武器的射程在超出基础射程后伤害会快速衰减。,,,,,
石斛兰头部火神炮,rs_RX78_GP03D_Head,,,,350,,50,5,1,75,,,,,FRAGMENTATION,1,,0,0.05,1,,0,15,1,15,,800,,,10,"SYSTEM, PD, PD_ALSO",,,,,点防御,,,,,,,,,,
石斛兰集束微型导弹左1,rs_RX78_GP03D_MIRV1_Left1,,,,2500,,1500,500,5,15,,6,,,ENERGY,0,,0,3,1,0.75,0,0,0,0,,750,150,35,650,"SYSTEM,DO_NOT_AIM, CONSERVE_1","missile20, strike13, utility15, rare_bp, hist1t, merc, ind , no_bp_drop,no_drop, no_sell, no_drop_salvage",,,,饱和支援,较慢,普通,,,,,,,,4359
石斛兰集束微型导弹左2,rs_RX78_GP03D_MIRV1_Left2,,,,2500,,1500,500,5,15,,6,,,ENERGY,0,,0,3,1,0.75,0,0,0,0,,750,150,35,650,"SYSTEM,DO_NOT_AIM, CONSERVE_1","missile20, strike13, utility15, rare_bp, hist1t, merc, ind , no_bp_drop,no_drop, no_sell, no_drop_salvage",,,,饱和支援,较慢,普通,,,,,,,,4359
石斛兰集束微型导弹右1,rs_RX78_GP03D_MIRV1_Right1,,,,2500,,1500,500,5,15,,6,,,ENERGY,0,,0,3,1,0.75,0,0,0,0,,750,150,35,650,"SYSTEM,DO_NOT_AIM, CONSERVE_1","missile20, strike13, utility15, rare_bp, hist1t, merc, ind , no_bp_drop,no_drop, no_sell, no_drop_salvage",,,,饱和支援,较慢,普通,,,,,,,,4359
石斛兰集束微型导弹右2,rs_RX78_GP03D_MIRV1_Right2,,,,2500,,1500,500,5,15,,6,,,ENERGY,0,,0,3,1,0.75,0,0,0,0,,750,150,35,650,"SYSTEM,DO_NOT_AIM, CONSERVE_1","missile20, strike13, utility15, rare_bp, hist1t, merc, ind , no_bp_drop,no_drop, no_sell, no_drop_salvage",,,,饱和支援,较慢,普通,,,,,,,,4359
石斛兰集束反舰导弹左1,rs_RX78_GP03D_MIRV2_Left1,,,,2500,,1500,500,5,15,,6,,,KINETIC,0,,0,3,1,0.75,0,0,0,0,,750,150,35,650,"SYSTEM,DO_NOT_AIM, CONSERVE_1","missile20, strike13, utility15, rare_bp, hist1t, merc, ind , no_bp_drop,no_drop, no_sell, no_drop_salvage",,,,饱和支援,较慢,普通,,,,,,,,4359
石斛兰集束反舰导弹左2,rs_RX78_GP03D_MIRV2_Left2,,,,2500,,1500,500,5,15,,6,,,KINETIC,0,,0,3,1,0.75,0,0,0,0,,750,150,35,650,"SYSTEM,DO_NOT_AIM, CONSERVE_1","missile20, strike13, utility15, rare_bp, hist1t, merc, ind , no_bp_drop,no_drop, no_sell, no_drop_salvage",,,,饱和支援,较慢,普通,,,,,,,,4359
石斛兰集束反舰导弹右1,rs_RX78_GP03D_MIRV2_Right1,,,,2500,,1500,500,5,15,,6,,,KINETIC,0,,0,3,1,0.75,0,0,0,0,,750,150,35,650,"SYSTEM,DO_NOT_AIM, CONSERVE_1","missile20, strike13, utility15, rare_bp, hist1t, merc, ind , no_bp_drop,no_drop, no_sell, no_drop_salvage",,,,饱和支援,较慢,普通,,,,,,,,4359
石斛兰集束反舰导弹右2,rs_RX78_GP03D_MIRV2_Right2,,,,2500,,1500,500,5,15,,6,,,KINETIC,0,,0,3,1,0.75,0,0,0,0,,750,150,35,650,"SYSTEM,DO_NOT_AIM, CONSERVE_1","missile20, strike13, utility15, rare_bp, hist1t, merc, ind , no_bp_drop,no_drop, no_sell, no_drop_salvage",,,,饱和支援,较慢,普通,,,,,,,,4359
雄蕊右手光束步枪,rs_RX78_GP03D_arm_Right_gun_rifle,,,0,850,,150,,0,25,0,12,2.5,6,KINETIC,130,,0,0.4,3,0.10,,,,,,1400,,,,"SYSTEM, FIRE_WHEN_INEFFICIENT, DO_NOT_CONSERVE",,,,,反护盾,较快,,,,,,,,,
雄蕊左手光束步枪,rs_RX78_GP03D_arm_Left_gun_rifle,,,0,850,,150,,0,25,0,12,2.5,6,KINETIC,130,,0,0.4,3,0.10,,,,,,1400,,,,"SYSTEM, FIRE_WHEN_INEFFICIENT, DO_NOT_CONSERVE",,,,,反护盾,较快,,,,,,,,,
雄蕊右手高能火箭炮,rs_RX78_GP03D_arm_Right_Bazooka,,,0,1200,,1800,,30,30,0,5,0.15,5,ENERGY,0,,0,0.5,1,,0,5,1,1,,800,250,7,300,"SYSTEM, FIRE_WHEN_INEFFICIENT, DO_NOT_CONSERVE",,,,,鱼雷,较快,无,,,,,,,,
雄蕊左手高能火箭炮,rs_RX78_GP03D_arm_Left_Bazooka,,,0,1200,,1800,,30,30,0,5,0.15,5,ENERGY,0,,0,0.5,1,,0,5,1,1,,800,250,7,300,"SYSTEM, FIRE_WHEN_INEFFICIENT, DO_NOT_CONSERVE",,,,,鱼雷,较快,无,,,,,,,,
石斛兰左侧1号导弹发射架控制器,rs_RX78_GP03D_controller_Left1,,,0,2500,0.1,,,30,15,0,,,,FRAGMENTATION,0,,0,1,1,0.3,0,0,0,0,,900,,,30,"SYSTEM, FIRE_WHEN_INEFFICIENT","missile20,no_bp_drop,no_drop, no_sell, no_drop_salvage",SYSTEM,,,,,,,,,,,,,
石斛兰右侧1号导弹发射架控制器,rs_RX78_GP03D_controller_Right1,,,0,2500,0.1,,,30,15,0,,,,FRAGMENTATION,0,,0,1,1,0.3,0,0,0,0,,900,,,30,"SYSTEM, FIRE_WHEN_INEFFICIENT","missile20,no_bp_drop,no_drop, no_sell, no_drop_salvage",SYSTEM,,,,,,,,,,,,,
石斛兰左侧2号导弹发射架控制器,rs_RX78_GP03D_controller_Left2,,,0,2500,0.1,,,30,15,0,,,,FRAGMENTATION,0,,0,1,1,0.3,0,0,0,0,,900,,,30,"SYSTEM, FIRE_WHEN_INEFFICIENT","missile20,no_bp_drop,no_drop, no_sell, no_drop_salvage",SYSTEM,,,,,,,,,,,,,
石斛兰右侧2号导弹发射架控制器,rs_RX78_GP03D_controller_Right2,,,0,2500,0.1,,,30,15,0,,,,FRAGMENTATION,0,,0,1,1,0.3,0,0,0,0,,900,,,30,"SYSTEM, FIRE_WHEN_INEFFICIENT","missile20,no_bp_drop,no_drop, no_sell, no_drop_salvage",SYSTEM,,,,,,,,,,,,,
,,,,,,,,,,,,,,,,,,,,,,,,,,,,,,,,,,,,,,,,,,,,,,
“沉渊”模块化三联装质量发射器,rs_euthystopos_b,,,0,1200,,1500,150,25,25,,6,0.15,3,KINETIC,1700,,0.5,2,3,0.6,0,0,0,0,,1500,,,,"SYSTEM, NO_TURN_RATE_BOOST_WHEN_IDLE, STRIKE, USE_VS_FRIGATES","no_bp_drop,no_drop, no_sell, no_drop_salvage",,,,对舰,,打击,,,战斗中使用 %s 键切换装填的弹药。电磁冲击弹将造成 %s 伤害，破甲榴霰弹将造成 %s 伤害。,B | 动能 | 高爆,,,,
,rs_euthystopos_b_HE,,,0,1200,,1000,150,25,25,,6,0.15,3,HIGH_EXPLOSIVE,1700,,0.5,2,3,0.6,0,0,0,0,,900,,,,"SYSTEM, NO_TURN_RATE_BOOST_WHEN_IDLE, STRIKE, USE_VS_FRIGATES","no_bp_drop,no_drop, no_sell, no_drop_salvage",,,,对舰/区域防空,,打击,,,,,,,,
“沉渊”模块化三联装阳电子发射器,rs_euthystopos_e,,,0,1200,,1800,300,25,25,,,,,ENERGY,2800,,0.5,9.5,3,0.6,0,0,0,0,,1500,,,,"SYSTEM, NO_TURN_RATE_BOOST_WHEN_IDLE, STRIKE, USE_VS_FRIGATES","no_bp_drop,no_drop, no_sell, no_drop_salvage",,,,对舰,,打击,,,战斗中使用 %s 键切换装填的弹药。阳电子脉冲弹将造成 %s 伤害，电弧近炸弹将造成 %s 伤害。,B | 能量 | 破片,,,,
,rs_euthystopos_e_VT,,,0,1200,,3200,300,25,25,,,,,FRAGMENTATION,2300,,0.5,8,3,0.6,0,0,0,0,,900,,,,"SYSTEM, NO_TURN_RATE_BOOST_WHEN_IDLE, STRIKE, USE_VS_FRIGATES","no_bp_drop,no_drop, no_sell, no_drop_salvage",,,,对舰/区域防空,,打击,,,,,,,,
“沉渊”模块化三联装阳电子发射器（誓言改装）,vow_euthystopos_e,,,0,1100,,1600,300,25,25,,,,,ENERGY,2300,,0.5,8,3,0.6,0,0,0,0,,1500,,,,"SYSTEM, NO_TURN_RATE_BOOST_WHEN_IDLE, STRIKE, USE_VS_FRIGATES","no_bp_drop,no_drop, no_sell, no_drop_salvage",,,,对舰,,打击,,,战斗中使用 %s 键切换装填的弹药。阳电子脉冲弹将造成 %s 伤害，电弧近炸弹将造成 %s 伤害。,B | 能量 | 破片,,,,
,vow_euthystopos_e_VT,,,0,1100,,3000,300,25,25,,,,,FRAGMENTATION,2800,,0.5,9.5,3,0.6,0,0,0,0,,900,,,,"SYSTEM, NO_TURN_RATE_BOOST_WHEN_IDLE, STRIKE, USE_VS_FRIGATES","no_bp_drop,no_drop, no_sell, no_drop_salvage",,,,对舰/区域防空,,打击,,,,,,,,
"""平阳“ DEM投射阵列",rs_Nazaret_missile,,,0,3000,,500,50,25,10,,48,0.3,6,FRAGMENTATION,100,,1,11,24,0.2,0,0,0,0,,425,50,15,150,"SYSTEM, DO_NOT_AIM, DO_NOT_CONSERVE","no_bp_drop,no_drop, no_sell, no_drop_salvage",,,,远程支援,较好,较好,,,以末端发射金属射流的方式对敌人进行打击，能够有效压制护盾与轻型装甲单位，每束射流共造成400动能伤害。,,,,,
“平阳”攻击载荷,rs_eurychoros_payload,,,0,1200,800,,160,,20,,,,,KINETIC,0,,0,1.5,0.5,,,,,,1000000,,,,,"SYSTEM, DANGEROUS",fires_one_burst,,,,,,,,,,,,,,
"""平阳“ DEM阵列",rs_Lordanes_missile,,,0,3000,,500,50,25,10,,16,0.3,4,FRAGMENTATION,100,,1,11,8,0.2,0,0,0,0,,425,750,15,150,"SYSTEM, DO_NOT_AIM, DO_NOT_CONSERVE","no_bp_drop,no_drop, no_sell, no_drop_salvage",,,,远程支援,较好,较好,,,以末端发射金属射流的方式对敌人进行打击，能够有效压制护盾与轻型装甲单位，每束射流共造成400动能伤害。,,,,,
,,,,,,,,,,,,,,,,,,,,,,,,,,,,,,,,,,,,,,,,,,,,,,
"""应然"" 阳电子加速器",rs_Lordanes_maingun,,,,1100,7000,,0,0,8,,,,,ENERGY,,11000,1,1,1.5,16.5,,,,,100000,,,,,"SYSTEM,STRIKE,DO_NOT_CONSERVE,DANGEROUS,FIRE_WHEN_INEFFICIENT","kinetic22, energy18, strike16, LR, no_bp_drop,no_drop, no_sell, no_drop_salvage",,骑士团近卫,,,,,,,命中护盾时，额外造成相当于 %s 被目标护盾减少伤害的硬幅能。,15%,,,,
,,,,,,,,,,,,,,,,,,,,,,,,,,,,,,,,,,,,,,,,,,,,,,
"""命定"" 巨型粒子加速器",rs_proorizo,,,,2500,,12500,5000,1500,2,,,,,KINETIC,25000,,10,50,1,,0,0,0,0,,3000,,,200,"SYSTEM,STRIKE,DO_NOT_CONSERVE,FIRE_WHEN_INEFFICIENT","kinetic22, energy18, strike16, LR, no_bp_drop,no_drop, no_sell, no_drop_salvage",,骑士团近卫,,,,,,,,,,,,
,,,,,,,,,,,,,,,,,,,,,,,,,,,,,,,,,,,,,,,,,,,,,,
“沉渊”埋藏式质量发射器,rs_euthystopos_b_built,,,0,1350,,1650,150,25,25,,9,0.15,3,KINETIC,2400,,0.5,4,3,0.34,0,0,0,0,,2400,,,,"SYSTEM, NO_TURN_RATE_BOOST_WHEN_IDLE, STRIKE, USE_VS_FRIGATES","no_bp_drop,no_drop, no_sell, no_drop_salvage",,,,对舰,,打击,,,战斗中使用 %s 键切换装填的弹药。电磁冲击弹将造成 %s 伤害，破甲榴霰弹将造成 %s 伤害。,B | 动能 | 高爆,,,,
,rs_euthystopos_b_built_HE,,,0,1350,,1000,150,25,25,,9,0.15,3,HIGH_EXPLOSIVE,2400,,0.5,4,3,0.34,0,0,0,0,,2000,,,,"SYSTEM, NO_TURN_RATE_BOOST_WHEN_IDLE, STRIKE, USE_VS_FRIGATES","no_bp_drop,no_drop, no_sell, no_drop_salvage",,,,对舰/区域防空,,打击,,,,,,,,
大型热熔裂解光束炮,rs_dsintegratorbean_L,,,,1350,4250,,500,5,5,,,,,FRAGMENTATION,,3500,1.5,0.5,1,10,,,,,1000000,,,,,"SYSTEM, FIRE_WHEN_INEFFICIENT, DO_NOT_CONSERVE, STRIKE, USE_VS_FRIGATES","energy20, beam15, LR",,骑士团近卫,打击/压制,反舰,,,,,光束会裂解命中点处装甲，在{%s}秒的持续时间内，对其造成{%s}不被减免的伤害。,10 | 1000,,,,
,,,,,,,,,,,,,,,,,,,,,,,,,,,,,,,,,,,,,,,,,,,,,,
#特殊武器,————————,,,,,,,,,,,,,,,,,,,,,,,,,,,,,,,,,,,,,,,,,,,,,
护卫弹射器,cr_frigate_launcher1,0,,0,10000,1,1,,1,1,0,2,0.002,,OTHER,5000,0,0,65,1,,,,,,,225,210,10,2000,"SYSTEM, ANTI_FTR, DO_NOT_AIM, DO_NOT_CONSERVE","missile19, strike15, rare_bp, merc, ind, no_bp_drop,no_drop, no_sell, no_drop_salvage",,十字军计划,,,,,,,,,,,,
cr_frigate_deco,cr_frigate_deco,0,,0,1,1,1,,1,1,0,1,,,OTHER,0,0,,1,,,,,,,,100,100,10,1,SYSTEM,,,,,,,,,,,,,,,
,giao_dummy_m,,,,100,,500,,,,,,,,ENERGY,,,,,,,,,,,,,0,10,,SYSTEM,,,,,,,,,,,,,,,0
,giao_dummy_p,,,,100,,500,,,,,,,,ENERGY,,,,,,,,,,,,,0,10,,SYSTEM,,,,,,,,,,,,,,,0
“超脱”定位激光,cr_targetinglaser,0,,1,0,150,,15,0,200,,,,,ENERGY,,0,0.05,0.05,,,,,,,1000000,,,,,SYSTEM,,,,,,,,,,,,,,,
“平阳”定位激光,rs_eurychoros_targetinglaser,0,,1,0,150,,15,0,200,,,,,ENERGY,,0,0.05,0.05,,,,,,,1000000,,,,,SYSTEM,,,,,,,,,,,,,,,
特装空雷,rs_mine,0,,,1000,,150,25,15,30,,,,,HIGH_EXPLOSIVE,0,,0,2,6,,20,20,0,0,,100,400,4,200,SYSTEM,,,,,,,,,,,,,,,
,,,,,,,,,,,,,,,,,,,,,,,,,,,,,,,,,,,,,,,,,,,,,,
微型导弹,cr_lapislull_sub,,,,2000,,250,50,10,,,,,,ENERGY,0,,0,0,36,,0,0,0,0,,550,350,7,175,SYSTEM,"missile19, ind, no_bp_drop,no_drop, no_sell, no_drop_salvage",,,,,,,,,,,,,,
,,,,,,,,,,,,,,,,,,,,,,,,,,,,,,,,,,,,,,,,,,,,,,
伯利恒弹射器,rs_bethlehem_main,SYSTEM,KINETIC,,2000,0,,100,,,0,,1000,,,0,1,,,,,,,0,0,0,1200,,600,,SYSTEM,,,,,,,,,,,,,,,
,,,,,,,,,,,,,,,,,,,,,,,,,,,,,,,,,,,,,,,,,,,,,,
#战机用武器,,,,,,,,,,,,,,,,,,,,,,,,,,,,,,,,,,,,,,,,,,,,,,
40mm 通用机炮,cr_ballistic_40mm,,,,550,,25,10,1,1,6,150,,,KINETIC,5,,0,0.4,5,0.1,1,6,1,15,,1200,,,75,SYSTEM,"kinetic2, SR, no_drop, no_drop_salvage",,十字军计划,打击,战机搭载,,,,,适用于对抗战机与压制小型舰只,防空 | 反舰,,,,
60mm 能量机炮,cr_energy_60mm,,,,750,,150,25,30,20,10,15,,,ENERGY,50,,0,1.25,1,0.25,0,10,0.5,1,,1200,,,300,SYSTEM,"kinetic2, SR, no_drop, no_drop_salvage",,十字军计划,打击/压制,战机搭载,,,,,击中物体时，会移除命中点最多250点装甲值。适用于对抗大型战机与破坏舰船装甲,反舰,,,,1
战机用通用制导火箭发射挂架（调整）,cr_ur_mrm_plane,,,,1000,,250,50,5,0,0,3,0.001,1,HIGH_EXPLOSIVE,0,,0,6,1,0,0,0,0,0,,500,,2,200,"SYSTEM,DO_NOT_AIM, CONSERVE_3, MISSILE_SPREAD,PD_ALSO","missile19, strike15",,十字军计划,打击,战机搭载,,,,,适用于对抗战机机群与对舰船打击,防空 | 反舰,,,,
战机用暴风发射器,rs_fighter_squall,,,,1800,,75,,15,20,,15,,,KINETIC,0,,0,10,3,0.5,0,0,0,0,,600,100,4.75,150,"SYSTEM,DO_NOT_AIM, CONSERVE_3, STRIKE, USE_VS_FRIGATES, MISSILE_SPREAD","missile19, strike15",,骑士团实验,压制,战机搭载,非常快,特殊,,,初始瞄准阶段结束后无制导。当作用于护盾时，谐振装置会让基础伤害提高 %s,150,,,,16.21
战机用特化歼灭者发射器,rs_fighter_annihilator_sp,,,,1500,,200,5,5,0,,10,,,HIGH_EXPLOSIVE,0,,0,14,5,0.2,0,0,0,0,,500,500,5,150,"SYSTEM, CONSERVE_3, STRIKE, USE_VS_FRIGATES, MISSILE_SPREAD","rocket19, strike15",,骑士团实验,压制,战机搭载,非常快,特殊,,,,150,,,,16.22
战机用小型化“散雾”约束器,cr_nimbusrend_fighter,,,,850,600,,25,90,5,,,,,KINETIC,100,,0.5,1,0.5,5,,,,,10000,,,,,"FIRE_WHEN_INEFFICIENT, SYSTEM","beam20, LR",,十字军计划,打击/压制,战机搭载,,,,,丧心病狂的火力集中设计下的产物：将一门小型化的大槽武器搭载于战机上。草率，但是恐怖。命中船体或装甲时大概率产生打击武器与引擎的电弧，造成额外 EMP 与能量伤害。当命中护盾时，将根据目标硬幅能水平随机产生穿透护盾的电弧。,,,,,108976.1
,,,,,,,,,,,,,,,,,,,,,,,,,,,,,,,,,,,,,,,,,,,,,,
绝罚 战术打击载体,vow_nuke_fighter,,,,3200,,5000,,15,20,,1,,,ENERGY,0,,0,10,1,0.5,0,0,0,0,,2000,100,12,750,"SYSTEM,  STRIKE","missile19, strike15",,誓言者设计,毁灭打击,战机搭载,非常快,特殊,,,对300范围内的目标造成约 2000 点高爆伤害，并将 500 范围内的目标向爆炸中心牵引。,,,,,16.21
,vow_nuke_sub_bomblet,,,,2000,,500,25,15,30,,,,,HIGH_EXPLOSIVE,0,,0,2,6,,20,20,0,0,,100,400,4,200,SYSTEM,,,,,,,,,,,,,,,
,vow_nuke_rift_mine,,,,1000,,1500,25,15,30,,,,,HIGH_EXPLOSIVE,0,,0,2,6,,20,20,0,0,,100,400,4,200,SYSTEM,,,,,,,,,,,,,,,
,,,,,,,,,,,,,,,,,,,,,,,,,,,,,,,,,,,,,,,,,,,,,,
#装饰武器,————————,,,,,,,,,,,,,,,,,,,,,,,,,,,,,,,,,,,,,,,,,,,,,
角动引擎左,dengineL,,,,,,,,,,,,,,,,,,,,,,,,,,,,,,SYSTEM,,,,,,,,,,,,,,,
角动引擎右,dengineR,,,,,,,,,,,,,,,,,,,,,,,,,,,,,,SYSTEM,,,,,,,,,,,,,,,
半埋设式角动引擎左,dengineL_hiden,,,,,,,,,,,,,,,,,,,,,,,,,,,,,,SYSTEM,,,,,,,,,,,,,,,
半埋设式角动引擎右,dengineR_hiden,,,,,,,,,,,,,,,,,,,,,,,,,,,,,,SYSTEM,,,,,,,,,,,,,,,
半埋设式角动引擎左后,dengineLB_hiden,,,,,,,,,,,,,,,,,,,,,,,,,,,,,,SYSTEM,,,,,,,,,,,,,,,
半埋设式角动引擎右后,dengineRB_hiden,,,,,,,,,,,,,,,,,,,,,,,,,,,,,,SYSTEM,,,,,,,,,,,,,,,
武器散热器,weaponventing,,,,,,,,,,,,,,,,,,,,,,,,,,,,,,SYSTEM,,,,,,,,,,,,,,,
变出力引擎,PC_engine,,,,1,1,,,,10,,,,,,,,,10,,,,,,,,,,,,SYSTEM,,,,,,,,,,,,,,,
变出力转向引擎,PC_turnengine,,,,1,1,,,,10,,,,,,,,,10,,,,,,,,,,,,SYSTEM,,,,,,,,,,,,,,,
矢量引擎,TVC_engine,,,,1,1,,,,20,,,,,,,,,10,,,,,,,,,,,,SYSTEM,,,,,,,,,,,,,,,
助推引擎,rs_subengine,,,,1,1,,,,10,,,,,,,,,10,,,,,,,,,,,,SYSTEM,,,,,,,,,,,,,,,
,,,,,,,,,,,,,,,,,,,,,,,,,,,,,,,,,,,,,,,,,,,,,,
天途LED光效,rs_viadivina_glow,,,,,,,,,,,,,,,,,,,,,,,,,,,,,,SYSTEM,,,,,,,,,,,,,,,
空之王座阴影,cr_richathaoirnabande_deco,,,,,,,,,,,,,,,,,,,,,,,,,,,,,,SYSTEM,,,,,,,,,,,,,,,
绿色灯光,blinker_goat_green,,,,,,,,,,,,,,,,,,,,,,,,,,,,,,SYSTEM,,,,,,,,,,,,,,,
双闪航道灯,blinker_goat_white_fast,,,,,,,,,,,,,,,,,,,,,,,,,,,,,,SYSTEM,,,,,,,,,,,,,,,
航道灯,blinker_goat_white,,,,,,,,,,,,,,,,,,,,,,,,,,,,,,SYSTEM,,,,,,,,,,,,,,,
米凯拉右翼盖板,vow_Mikaeldecrightwing,,,,,,,,,,,,,,,,,,,,,,,,,,,,,,SYSTEM,,,,,,,,,,,,,,,
米凯拉左翼盖板,vow_Mikaeldecleftwing,,,,,,,,,,,,,,,,,,,,,,,,,,,,,,SYSTEM,,,,,,,,,,,,,,,
雪风左鸭翼,cr_yukikaze_frontwingL,,,,,,,,,,,,,,,,,,,,,,,,,,,,,,SYSTEM,,,,,,,,,,,,,,,
雪风右鸭翼,cr_yukikaze_frontwingR,,,,,,,,,,,,,,,,,,,,,,,,,,,,,,SYSTEM,,,,,,,,,,,,,,,
雪风左主翼,cr_yukikaze_mainwingL,,,,,,,,,,,,,,,,,,,,,,,,,,,,,,SYSTEM,,,,,,,,,,,,,,,
雪风右主翼,cr_yukikaze_mainwingR,,,,,,,,,,,,,,,,,,,,,,,,,,,,,,SYSTEM,,,,,,,,,,,,,,,
,,,,,,,,,,,,,,,,,,,,,,,,,,,,,,,,,,,,,,,,,,,,,,
FFR31盖板,cr_FFR-31_Top,,,,,,,,,,,,,,,,,,,,,,,,,,,,,,SYSTEM,,,,,,,,,,,,,,,
FFR31MR盖板,cr_FFR-31MR_Top,,,,,,,,,,,,,,,,,,,,,,,,,,,,,,SYSTEM,,,,,,,,,,,,,,,
,,,,,,,,,,,,,,,,,,,,,,,,,,,,,,,,,,,,,,,,,,,,,,
瑟拉芬盖板,vow_Seraphim_body,,,0,0,1,,,0,360,0,,,,ENERGY,,0,0,0,,,,,,,1000000,,,,,SYSTEM,,,,,,,,,,,,,,,
,,,,,,,,,,,,,,,,,,,,,,,,,,,,,,,,,,,,,,,,,,,,,,
铁球右爪,rs_MA01_HAND_RIGHT,,,,,,,,,,,,,,,,,,,,,,,,,,,,,,SYSTEM,,,,,,,,,,,,,,,
铁球左爪,rs_MA01_HAND_LEFT,,,,,,,,,,,,,,,,,,,,,,,,,,,,,,SYSTEM,,,,,,,,,,,,,,,
,,,,,,,,,,,,,,,,,,,,,,,,,,,,,,,,,,,,,,,,,,,,,,
杓兰电子战组件,rs_SDA_MA_Radia,,,,,,,,,,,,,,,,,,,,,,,,,,,,,,SYSTEM,,,,,,,,,,,,,,,
杓兰肩甲,rs_SDA_MA_Shoulder,,,,,,,,,,,,,,,,,,,,,,,,,,,,,,SYSTEM,,,,,,,,,,,,,,,
杓兰头部,rs_SDA_MA_Head,,,,,,,,,,,,,,,,,,,,,,,,,,,,,,SYSTEM,,,,,,,,,,,,,,,
杓兰飞翼,rs_SDA_MA_Wings,,,,,,,,,,,,,,,,,,,,,,,,,,,,,,SYSTEM,,,,,,,,,,,,,,,
杓兰轨道护卫,rs_SDA_MA_RingGun,,,,,,,,,,,,,,,,,,,,,,,,,,,,,,SYSTEM,,,,,,,,,,,,,,,
杓兰左侧机炮,rs_SDA_MA_FixedGun_Left,,,,,,,,,,,,,,,,,,,,,,,,,,,,,,SYSTEM,,,,,,,,,,,,,,,
杓兰右侧机炮,rs_SDA_MA_FixedGun_Right,,,,,,,,,,,,,,,,,,,,,,,,,,,,,,SYSTEM,,,,,,,,,,,,,,,
杓兰左侧导弹挂架,rs_SDA_MA_Missiles_Left,,,,,,,,,,,,,,,,,,,,,,,,,,,,,,SYSTEM,,,,,,,,,,,,,,,
杓兰右侧导弹挂架,rs_SDA_MA_Missiles_Right,,,,,,,,,,,,,,,,,,,,,,,,,,,,,,SYSTEM,,,,,,,,,,,,,,,
,,,,,,,,,,,,,,,,,,,,,,,,,,,,,,,,,,,,,,,,,,,,,,
蝴蝶兰左翼引擎,rs_TMA_MA_left_wingengine,,,,,,,,,,,,,,,,,,,,,,,,,,,,,,SYSTEM,,,,,,,,,,,,,,,
蝴蝶兰右翼引擎,rs_TMA_MA_right_wingengine,,,,,,,,,,,,,,,,,,,,,,,,,,,,,,SYSTEM,,,,,,,,,,,,,,,
,,,,,,,,,,,,,,,,,,,,,,,,,,,,,,,,,,,,,,,,,,,,,,
紫罗兰支撑结构,rs_MSA0011(Bst)303E_Support,,,,,,,,,,,,,,,,,,,,,,,,,,,,,,SYSTEM,,,,,,,,,,,,,,,
紫罗兰肩甲,rs_MSA0011(Bst)303E_Shoulder,,,,,,,,,,,,,,,,,,,,,,,,,,,,,,SYSTEM,,,,,,,,,,,,,,,
紫罗兰腰炮,rs_MSA0011(Bst)303E_Hipgun,,,,,,,,,,,,,,,,,,,,,,,,,,,,,,SYSTEM,,,,,,,,,,,,,,,
紫罗兰雷达,rs_MSA001(Bst)303E_Radia,,,,,,,,,,,,,,,,,,,,,,,,,,,,,,SYSTEM,,,,,,,,,,,,,,,
,,,,,,,,,,,,,,,,,,,,,,,,,,,,,,,,,,,,,,,,,,,,,,
石斛兰主体盖板,rs_RX78_GP03D_Top,,,,,,,,,,,,,,,,,,,,,,,,,,,,,,SYSTEM,,,,,,,,,,,,,,,
石斛兰左导弹模块盖板,rs_RX78_GP03D_ModuleL_Top,,,,,,,,,,,,,,,,,,,,,,,,,,,,,,SYSTEM,,,,,,,,,,,,,,,
石斛兰右导弹模块盖板,rs_RX78_GP03D_ModuleR_Top,,,,,,,,,,,,,,,,,,,,,,,,,,,,,,SYSTEM,,,,,,,,,,,,,,,
,,,,,,,,,,,,,,,,,,,,,,,,,,,,,,,,,,,,,,,,,,,,,,
拿撒勒小型炮台,rs_Nazaret_weapon_s,,,,1,1,,,,20,,,,,,,,,10,,,,,,,,,,,,SYSTEM,,,,,,,,,,,,,,,
拿撒勒中型炮台,rs_Nazaret_weapon_m,,,,1,1,,,,20,,,,,,,,,10,,,,,,,,,,,,SYSTEM,,,,,,,,,,,,,,,
拿撒勒大型炮台,rs_Nazaret_weapon_l,,,,1,1,,,,20,,,,,,,,,10,,,,,,,,,,,,SYSTEM,,,,,,,,,,,,,,,
拿撒勒舰桥,rs_Nazaret_bridge,,,,1,1,,,,20,,,,,,,,,10,,,,,,,,,,,,SYSTEM,,,,,,,,,,,,,,,
拿撒勒武器平台,rs_Nazaret_weaponplatfrom,,,,1,1,,,,20,,,,,,,,,10,,,,,,,,,,,,SYSTEM,,,,,,,,,,,,,,,
,,,,,,,,,,,,,,,,,,,,,,,,,,,,,,,,,,,,,,,,,,,,,,
拜占庭蓄能环α,rs_byzantine_ring_alphe,,,,,,,,,,,,,,,,,,,,,,,,,,,,,,SYSTEM,,,,,,,,,,,,,,,
拜占庭蓄能环β,rs_byzantine_ring_beta,,,,,,,,,,,,,,,,,,,,,,,,,,,,,,SYSTEM,,,,,,,,,,,,,,,
拜占庭小型炮台,rs_Byzantine_weapon_s,,,,1,1,,,,20,,,,,,,,,10,,,,,,,,,,,,SYSTEM,,,,,,,,,,,,,,,
拜占庭中型炮台,rs_Byzantine_weapon_m,,,,1,1,,,,20,,,,,,,,,10,,,,,,,,,,,,SYSTEM,,,,,,,,,,,,,,,
拜占庭大型炮台,rs_Byzantine_weapon_l,,,,1,1,,,,20,,,,,,,,,10,,,,,,,,,,,,SYSTEM,,,,,,,,,,,,,,,
,,,,,,,,,,,,,,,,,,,,,,,,,,,,,,,,,,,,,,,,,,,,,,
约旦主炮蓄能环,rs_Lordanes_ring,,,,,,,,,,,,,,,,,,,,,,,,,,,,,,SYSTEM,,,,,,,,,,,,,,,
,,,,,,,,,,,,,,,,,,,,,,,,,,,,,,,,,,,,,,,,,,,,,,
诛灭_盖板,vow_Perditio_Deco,,,0,0,1,,,0,360,0,,,,ENERGY,,0,0,0,,,,,,,1000000,,,,,SYSTEM,,,,,,,,,,,,,,,
,,,,,,,,,,,,,,,,,,,,,,,,,,,,,,,,,,,,,,,,,,,,,,
Tr计划小型炮台,rs_Ma_weapon_s,,,,1,1,,,,20,,,,,,,,,10,,,,,,,,,,,,SYSTEM,,,,,,,,,,,,,,,
Tr计划中型炮台,rs_Ma_weapon_m,,,,1,1,,,,20,,,,,,,,,10,,,,,,,,,,,,SYSTEM,,,,,,,,,,,,,,,
Tr计划大型炮台,rs_Ma_weapon_l,,,,1,1,,,,20,,,,,,,,,10,,,,,,,,,,,,SYSTEM,,,,,,,,,,,,,,,
头部火神炮,rs_Tr_head_vulcan,,,0,350,,50,5,1,75,0,,,,FRAGMENTATION,1,,0,0.05,1,,0,15,1,15,,800,,,10,"SYSTEM, PD, PD_ALSO",,,,,点防御,,,,,,,,,,
#海兹尔,,,,,,,,,,,,,,,,,,,,,,,,,,,,,,,,,,,,,,,,,,,,,,
海兹尔_头部,rs_Tr_1_head,,,0,0,1,,,0,360,0,,,,ENERGY,,0,0,0,,,,,,,1000000,,,,,SYSTEM,,,,,,,,,,,,,,,
海兹尔_躯干,rs_Tr_1_body,,,0,0,1,,,0,360,0,,,,ENERGY,,0,0,0,,,,,,,1000000,,,,,SYSTEM,,,,,,,,,,,,,,,
海兹尔_腿,rs_Tr_1_legs,,,0,0,1,,,0,360,0,,,,ENERGY,,0,0,0,,,,,,,1000000,,,,,SYSTEM,,,,,,,,,,,,,,,
海兹尔_左臂,rs_Tr_1_arm_left,,,0,0,1,,,0,360,0,,,,ENERGY,,0,0,0,,,,,,,1000000,,,,,SYSTEM,,,,,,,,,,,,,,,
海兹尔_左臂（持盾 ）,rs_Tr_1_arm_shield_left,,,0,0,1,,,0,360,0,,,,ENERGY,,0,0,0,,,,,,,1000000,,,,,SYSTEM,,,,,,,,,,,,,,,
海兹尔_右臂,rs_Tr_1_arm_right,,,0,0,1,,,0,360,0,,,,ENERGY,,0,0,0,,,,,,,1000000,,,,,SYSTEM,,,,,,,,,,,,,,,
海兹尔_右臂（持枪 ）,rs_Tr_1_arm_gun_right,,,0,0,1,,,0,360,0,,,,ENERGY,,0,0,0,,,,,,,1000000,,,,,SYSTEM,,,,,,,,,,,,,,,
海兹尔_左肩,rs_Tr_1_shoulder_left,,,0,0,1,,,0,360,0,,,,ENERGY,,0,0,0,,,,,,,1000000,,,,,SYSTEM,,,,,,,,,,,,,,,
海兹尔_右肩,rs_Tr_1_shoulder_right,,,0,0,1,,,0,360,0,,,,ENERGY,,0,0,0,,,,,,,1000000,,,,,SYSTEM,,,,,,,,,,,,,,,
海兹尔_胸甲,rs_Tr_1_bodyarmor,,,0,0,1,,,0,360,0,,,,ENERGY,,0,0,0,,,,,,,1000000,,,,,SYSTEM,,,,,,,,,,,,,,,
海兹尔_胸甲(突击装备),rs_Tr_1_bodyarmor_assault,,,0,0,1,,,0,360,0,,,,ENERGY,,0,0,0,,,,,,,1000000,,,,,SYSTEM,,,,,,,,,,,,,,,
海兹尔_胸甲(炮击装备),rs_Tr_1_bodyarmor_firesupport,,,0,0,1,,,0,360,0,,,,ENERGY,,0,0,0,,,,,,,1000000,,,,,SYSTEM,,,,,,,,,,,,,,,
海兹尔_胸甲(巨神装备),rs_Tr_1_bodyarmor_defense,,,0,0,1,,,0,360,0,,,,ENERGY,,0,0,0,,,,,,,1000000,,,,,SYSTEM,,,,,,,,,,,,,,,
海兹尔可变式武器(R),rs_Tr_1_arm_smg_right,,,0,0,1,,,0,360,0,,,,ENERGY,,0,0,0,,,,,,,1000000,,,,,SYSTEM,,,,,,,,,,,,,,,
海兹尔可变式武器(L),rs_Tr_1_arm_smg_left,,,0,0,1,,,0,360,0,,,,ENERGY,,0,0,0,,,,,,,1000000,,,,,SYSTEM,,,,,,,,,,,,,,,
,,,,,,,,,,,,,,,,,,,,,,,,,,,,,,,,,,,,,,,,,,,,,,
长程短刃步枪(R),rs_Tr_1_arm_right_gun_rifle,,,0,1100,,1450,50,50,10,0,3,0.15,1,KINETIC,1000,,0,1.5,1,0.15,,,,,,2500,,,,"SYSTEM, FIRE_WHEN_INEFFICIENT, DO_NOT_CONSERVE, STRIKE, USE_VS_FRIGATES",,,,,反护盾,较快,,,,,,,,,
长程短刃步枪(L),rs_Tr_1_arm_left_gun_rifle,,,0,1100,,1450,50,50,10,0,3,0.15,1,KINETIC,1000,,0,1.5,1,0.15,,,,,,2500,,,,"SYSTEM, FIRE_WHEN_INEFFICIENT, DO_NOT_CONSERVE, STRIKE, USE_VS_FRIGATES",,,,,反护盾,较快,,,,,,,,,
高能光束军刀,rs_Tr_1_arm_left_gun_Sabre,,,0,150,3000,,500,20,95,0,,,,ENERGY,,350,0.2,0.66,0.88,1.5,,,,,1000,,,,,"SYSTEM, DO_NOT_AIM, DANGEROUS",MOCI_BLADE,,,,近战,,,,,一旦命中就会造成全额伤害，这种近战武器的射程在超出基础射程后伤害会快速衰减。,,,,,
#奥斯拉,,,,,,,,,,,,,,,,,,,,,,,,,,,,,,,,,,,,,,,,,,,,,,
奥斯拉背包(突击装备),rs_Tr_1_assault_backpack,,,0,0,1,,,0,360,0,,,,ENERGY,,0,0,0,,,,,,,1000000,,,,,SYSTEM,,,,,,,,,,,,,,,
导弹发射器(右),rs_owsla_missile_right,,,0,0,1,,,0,360,0,,,,ENERGY,,0,0,0,,,,,,,1000000,,,,,SYSTEM,,,,,,,,,,,,,,,
导弹发射器(左),rs_owsla_missile_left,,,0,0,1,,,0,360,0,,,,ENERGY,,0,0,0,,,,,,,1000000,,,,,SYSTEM,,,,,,,,,,,,,,,
奥斯拉背包(炮击装备),rs_Tr_1_firesupport_backpack,,,0,0,1,,,0,360,0,,,,ENERGY,,0,0,0,,,,,,,1000000,,,,,SYSTEM,,,,,,,,,,,,,,,
长程短刃步枪（右）,rs_owsla_right_gun_rifle,,,0,1100,,1450,50,50,2,0,5,0.15,1,KINETIC,1000,,0,1.5,1,0.15,,,,,,2500,,,,"SYSTEM, FIRE_WHEN_INEFFICIENT, DO_NOT_CONSERVE, STRIKE, USE_VS_FRIGATES",,,,,反护盾,较快,,,,,,,,,
长程短刃步枪（左）,rs_owsla_left_gun_rifle,,,0,1100,,1450,50,50,2,0,5,0.15,1,KINETIC,1000,,0,1.5,1,0.15,,,,,,2500,,,,"SYSTEM, FIRE_WHEN_INEFFICIENT, DO_NOT_CONSERVE, STRIKE, USE_VS_FRIGATES",,,,,反护盾,较快,,,,,,,,,
奥斯拉背包(巨神装备),rs_Tr_1_defense_backpack,,,0,0,1,,,0,360,0,,,,ENERGY,,0,0,0,,,,,,,1000000,,,,,SYSTEM,,,,,,,,,,,,,,,
巨神装备左手线控炮指示激光,rs_Owsla_Arm_LinerBit_Control_L,,,0,2000,1,1,,0,35,0,,,,ENERGY,,250,0.1,0.1,0.1,1,,,,,1000000,,,,,"SYSTEM, FIRE_WHEN_INEFFICIENT",MOCI_LINEBIT_7,,,,通用,,,,,机械臂模块在无法直接攻击到目标时会自动脱离进行全方位攻击,,,,TRUE,
巨神装备右手线控炮指示激光,rs_Owsla_Arm_LinerBit_Control_R,,,0,2000,1,1,,0,35,0,,,,ENERGY,,250,0.1,0.1,0.1,1,,,,,1000000,,,,,"SYSTEM, FIRE_WHEN_INEFFICIENT",MOCI_LINEBIT_7,,,,通用,,,,,机械臂模块在无法直接攻击到目标时会自动脱离进行全方位攻击,,,,TRUE,
巨神装备线控炮光束,rs_owsla_arm_bit_beam,,,1200,900,425,,,0,50,8,60,4,20,ENERGY,,25,0,0,0.1,0,,,,,1000000,,,,,SYSTEM,,,,,通用,,,,,,,,,,113
巨神_左肩,rs_Tr_1_linebit_shoulder_left,,,0,0,1,,,0,360,0,,,,ENERGY,,0,0,0,,,,,,,1000000,,,,,SYSTEM,,,,,,,,,,,,,,,
巨神_右肩,rs_Tr_1_linebit_shoulder_right,,,0,0,1,,,0,360,0,,,,ENERGY,,0,0,0,,,,,,,1000000,,,,,SYSTEM,,,,,,,,,,,,,,,
巨神_左链接,rs_Tr_1_linebit_link_left,,,0,0,1,,,0,360,0,,,,ENERGY,,0,0,0,,,,,,,1000000,,,,,SYSTEM,,,,,,,,,,,,,,,
巨神_右链接,rs_Tr_1_linebit_link_right,,,0,0,1,,,0,360,0,,,,ENERGY,,0,0,0,,,,,,,1000000,,,,,SYSTEM,,,,,,,,,,,,,,,
,,,,,,,,,,,,,,,,,,,,,,,,,,,,,,,,,,,,,,,,,,,,,,
#毕扎古,,,,,,,,,,,,,,,,,,,,,,,,,,,,,,,,,,,,,,,,,,,,,,
平定 长程便携粒子发射器,rs_Tr_2_BL_m,,,,1200,1600,,500,90,5,900,,,,ENERGY,,1850,1,0.5,1,8,,,,,10000,,,,,"FIRE_WHEN_INEFFICIENT, SYSTEM","beam20, LR",,,打击/压制,,,,,,发射时产生大量电弧对路径上的目标进行饱和打击,,,,,108976.1
毕扎古_炮身,rs_Tr_2_body,,,0,0,1,,,0,360,0,,,,ENERGY,,0,0,0,,,,,,,1000000,,,,,SYSTEM,,,,,,,,,,,,,,,
#毕扎古-奥斯拉-吉翁,,,,,,,,,,,,,,,,,,,,,,,,,,,,,,,,,,,,,,,,,,,,,,
毕扎古-奥斯拉_头部,rs_Tr_2_head,,,0,0,1,,,0,360,0,,,,ENERGY,,0,0,0,,,,,,,1000000,,,,,SYSTEM,,,,,,,,,,,,,,,
毕扎古-奥斯拉_躯干,rs_Moci_Zeong_body,,,0,0,1,,,0,360,0,,,,ENERGY,,0,0,0,,,,,,,1000000,,,,,SYSTEM,,,,,,,,,,,,,,,
毕扎古-奥斯拉_炮身,rs_Tr_2_Zeong_body,,,0,0,1,,,0,360,0,,,,ENERGY,,0,0,0,,,,,,,1000000,,,,,SYSTEM,,,,,,,,,,,,,,,
毕扎古-奥斯拉-吉翁_左臂,rs_Moci_Zeong_arm_left,,,0,0,1,,,0,360,0,,,,ENERGY,,0,0,0,,,,,,,1000000,,,,,SYSTEM,,,,,,,,,,,,,,,
毕扎古-奥斯拉-吉翁_右臂,rs_Moci_Zeong_arm_right,,,0,0,1,,,0,360,0,,,,ENERGY,,0,0,0,,,,,,,1000000,,,,,SYSTEM,,,,,,,,,,,,,,,
毕扎古-奥斯拉-吉翁_背包,rs_Moci_Zeong_backpack,,,0,0,1,,,0,360,0,,,,ENERGY,,0,0,0,,,,,,,1000000,,,,,SYSTEM,,,,,,,,,,,,,,,
毕扎古-奥斯拉-吉翁_左肩,rs_Moci_Zeong_shoulder_left,,,0,0,1,,,0,360,0,,,,ENERGY,,0,0,0,,,,,,,1000000,,,,,SYSTEM,,,,,,,,,,,,,,,
毕扎古-奥斯拉-吉翁_右肩,rs_Moci_Zeong_shoulder_right,,,0,0,1,,,0,360,0,,,,ENERGY,,0,0,0,,,,,,,1000000,,,,,SYSTEM,,,,,,,,,,,,,,,
,,,,,,,,,,,,,,,,,,,,,,,,,,,,,,,,,,,,,,,,,,,,,,
毕扎古-奥斯拉-吉翁_可变式武器(R),rs_Moci_Zeong_WEAPON_R_TYPE,,,0,0,1,,,0,360,0,,,,ENERGY,,0,0,0,,,,,,,1000000,,,,,SYSTEM,,,,,,,,,,,,,,,
毕扎古-奥斯拉-吉翁_可变式武器(L),rs_Moci_Zeong_WEAPON_L_TYPE,,,0,0,1,,,0,360,0,,,,ENERGY,,0,0,0,,,,,,,1000000,,,,,SYSTEM,,,,,,,,,,,,,,,
#基哈尔,,,,,,,,,,,,,,,,,,,,,,,,,,,,,,,,,,,,,,,,,,,,,,
基哈尔_躯干,rs_Tr_3_body,,,0,0,1,,,0,360,0,,,,ENERGY,,0,0,0,,,,,,,1000000,,,,,SYSTEM,,,,,,,,,,,,,,,
基哈尔_腿,rs_Tr_3_leg,,,0,0,1,,,0,360,0,,,,ENERGY,,0,0,0,,,,,,,1000000,,,,,SYSTEM,,,,,,,,,,,,,,,
基哈尔_肩,rs_Tr_3_shoulder,,,0,0,1,,,0,360,0,,,,ENERGY,,0,0,0,,,,,,,1000000,,,,,SYSTEM,,,,,,,,,,,,,,,
,,,,,,,,,,,,,,,,,,,,,,,,,,,,,,,,,,,,,,,,,,,,,,
小型光束军刀,rs_Tr_3_arm_left_gun_Sabre,,,0,100,2250,,500,20,95,0,,,,KINETIC,,350,0.2,0.66,0.88,1.5,,,,,1000,,,,,"SYSTEM, DO_NOT_AIM, DANGEROUS",MOCI_BLADE,,,,近战,,,,,一旦命中就会造成全额伤害，这种近战武器的射程在超出基础射程后伤害会快速衰减。,,,,,
折叠式便携粒子约束器,rs_Tr_3_arm_right_gun,,,,800,1000,,500,90,5,900,,,,HIGH_EXPLOSIVE,,1000,0.1,0.1,0.3,0.5,,,,,10000,,,,,"FIRE_WHEN_INEFFICIENT, SYSTEM","beam20, LR",,,打击/压制,,,,,,,,,,,108976.1
,,,,,,,,,,,,,,,,,,,,,,,,,,,,,,,,,,,,,,,,,,,,,,
#进阶高扎古/罗塞特,,,,,,,,,,,,,,,,,,,,,,,,,,,,,,,,,,,,,,,,,,,,,,
进阶高扎古_头部,rs_AMS_06_head,,,0,0,1,,,0,360,0,,,,ENERGY,,0,0,0,,,,,,,1000000,,,,,SYSTEM,,,,,,,,,,,,,,,
进阶高扎古_躯干,rs_AMS_06_body,,,0,0,1,,,0,360,0,,,,ENERGY,,0,0,0,,,,,,,1000000,,,,,SYSTEM,,,,,,,,,,,,,,,
海兹尔_右臂(武装强化 ),rs_Tr_1_arm_right_follow,,,0,0,1,,,0,360,0,,,,ENERGY,,0,0,0,,,,,,,1000000,,,,,SYSTEM,,,,,,,,,,,,,,,
海兹尔_左臂(武装强化 ),rs_Tr_1_arm_left_follow,,,0,0,1,,,0,360,0,,,,ENERGY,,0,0,0,,,,,,,1000000,,,,,SYSTEM,,,,,,,,,,,,,,,
,,,,,,,,,,,,,,,,,,,,,,,,,,,,,,,,,,,,,,,,,,,,,,
罗塞特_躯干,rs_tr_4_rozet_body,,,0,0,1,,,0,360,0,,,,ENERGY,,0,0,0,,,,,,,1000000,,,,,SYSTEM,,,,,,,,,,,,,,,
罗塞特_导弹发射器(R),rs_Tr_4_rozet_missile_right,,,0,0,1,,,0,360,0,,,,ENERGY,,0,0,0,,,,,,,1000000,,,,,SYSTEM,,,,,,,,,,,,,,,
罗塞特_导弹发射器(L),rs_Tr_4_rozet_missile_left,,,0,0,1,,,0,360,0,,,,ENERGY,,0,0,0,,,,,,,1000000,,,,,SYSTEM,,,,,,,,,,,,,,,
,,,,,,,,,,,,,,,,,,,,,,,,,,,,,,,,,,,,,,,,,,,,,,
罗塞特光束火箭筒(爆发发射 ),rs_AMS_06_beambazooka_brust,,,0,950,5000,,4000,30,9,0,,,,ENERGY,,8000,0,0.5,0.75,6.75,,,,,1000000,,,,,"SYSTEM, FIRE_WHEN_INEFFICIENT, DO_NOT_CONSERVE",,,,,反舰,,,,,光束武器对护盾造成 %s 。,,,,,
罗塞特光束火箭筒(弹夹发射 ),rs_AMS_06_beambazooka_charge,,,0,950,5000,,4000,30,9,0,3,0.25,1,ENERGY,,8000,0,0.1,0.25,0.25,,,,,1000000,,,,,"SYSTEM, FIRE_WHEN_INEFFICIENT, DO_NOT_CONSERVE",,,,,反舰,,,,,光束武器对护盾造成 %s 。,,,,,
#伍德沃特,,,,,,,,,,,,,,,,,,,,,,,,,,,,,,,,,,,,,,,,,,,,,,
伍德沃特_头部,rs_Tr_6_head,,,0,0,1,,,0,360,0,,,,ENERGY,,0,0,0,,,,,,,1000000,,,,,SYSTEM,,,,,,,,,,,,,,,
伍德沃特_躯干,rs_Tr_6_body,,,0,0,1,,,0,360,0,,,,ENERGY,,0,0,0,,,,,,,1000000,,,,,SYSTEM,,,,,,,,,,,,,,,
伍德沃特_腿,rs_Tr_6_legs,,,0,0,1,,,0,360,0,,,,ENERGY,,0,0,0,,,,,,,1000000,,,,,SYSTEM,,,,,,,,,,,,,,,
伍德沃特_胸甲,rs_Tr_6_bodyarmor,,,0,0,1,,,0,360,0,,,,ENERGY,,0,0,0,,,,,,,1000000,,,,,SYSTEM,,,,,,,,,,,,,,,
伍德沃特_肩甲,rs_Tr_6_shoulderarmor,,,0,0,1,,,0,360,0,,,,ENERGY,,0,0,0,,,,,,,1000000,,,,,SYSTEM,,,,,,,,,,,,,,,
伍德沃特_肩,rs_Tr_6_shoulder,,,0,0,1,,,0,360,0,,,,ENERGY,,0,0,0,,,,,,,1000000,,,,,SYSTEM,,,,,,,,,,,,,,,
伍德沃特_左臂（持盾 ）,rs_Tr_6_arm_shield_left,,,0,0,1,,,0,360,0,,,,ENERGY,,0,0,0,,,,,,,1000000,,,,,SYSTEM,,,,,,,,,,,,,,,
伍德沃特_左臂（空手 ）,rs_Tr_6_arm_left,,,0,0,1,,,0,360,0,,,,ENERGY,,0,0,0,,,,,,,1000000,,,,,SYSTEM,,,,,,,,,,,,,,,
伍德沃特_左臂（持枪 ）,rs_Tr_6_arm_left_weapon,,,0,0,1,,,0,360,0,,,,ENERGY,,0,0,0,,,,,,,1000000,,,,,SYSTEM,,,,,,,,,,,,,,,
伍德沃特_右臂（持枪 ）,rs_Tr_6_arm_right,,,0,0,1,,,0,360,0,,,,ENERGY,,0,0,0,,,,,,,1000000,,,,,SYSTEM,,,,,,,,,,,,,,,
,,,,,,,,,,,,,,,,,,,,,,,,,,,,,,,,,,,,,,,,,,,,,,
长刃步枪,rs_Tr_6_arm_right_gun_rifle,,,,1150,800,,500,90,5,900,,,,HIGH_EXPLOSIVE,,2250,1.5,0.5,0.5,6,,,,,10000,,,,,"FIRE_WHEN_INEFFICIENT, SYSTEM,NO_TURN_RATE_BOOST_WHEN_IDLE, STRIKE, USE_VS_FRIGATES","beam20, LR",,,打击/压制,,,,,,充能完毕后，发射一枚会造成 %s 动能伤害的射弹，命中护盾时会造成{%s}伤害。,2000 | 硬幅能,,,,108976.1
长刃步枪,rs_Tr_6_arm_left_gun_rifle,,,,1150,800,,500,90,5,900,,,,HIGH_EXPLOSIVE,,2250,1.5,0.5,0.5,6,,,,,10000,,,,,"FIRE_WHEN_INEFFICIENT, SYSTEM,NO_TURN_RATE_BOOST_WHEN_IDLE, STRIKE, USE_VS_FRIGATES","beam20, LR",,,打击/压制,,,,,,充能完毕后，发射一枚会造成 %s 动能伤害的射弹，命中护盾时会造成{%s}伤害。,2000 | 硬幅能,,,,108976.1
长刃步枪弹丸,rs_Tr_6_arm_right_gun_rifle_proj,,,,1100,,2000,400,150,8,900,,,,KINETIC,1750,,1.5,3.75,1,,0,4,2,2,,3000,,,125,"SYSTEM,SHOW_IN_CODEX","energy20, LR",,骑士团实验,,长程支援,中等,普通,,,失稳：命中护盾或船体时，使被命中单位受到伤害提升20％，持续5秒，不可叠加。,,,,,76.31
伍德沃特_辅助武器,rs_Tr_6_subgun,,,,800,1000,,500,90,5,900,,,,HIGH_EXPLOSIVE,,1000,0.1,0.1,0.3,0.5,,,,,10000,,,,,"FIRE_WHEN_INEFFICIENT, SYSTEM","beam20, LR",,,打击/压制,,,,,,,,,,,108976.1
,,,,,,,,,,,,,,,,,,,,,,,,,,,,,,,,,,,,,,,,,,,,,,
#海瑟斯雷,,,,,,,,,,,,,,,,,,,,,,,,,,,,,,,,,,,,,,,,,,,,,,
海兹尔_海瑟斯雷_躯干,rs_Tr_1_haznthley_body,,,0,0,1,,,0,360,0,,,,ENERGY,,0,0,0,,,,,,,1000000,,,,,SYSTEM,,,,,,,,,,,,,,,
海瑟斯雷背包,rs_Tr_6_haznthley_backpack,,,0,0,1,,,0,360,0,,,,ENERGY,,0,0,0,,,,,,,1000000,,,,,SYSTEM,,,,,,,,,,,,,,,
海瑟斯雷加强引擎,rs_Tr_6_haznthley_enginepack,,,0,0,1,,,0,360,0,,,,ENERGY,,0,0,0,,,,,,,1000000,,,,,SYSTEM,,,,,,,,,,,,,,,
海瑟斯雷中型可变武器（R）,rs_Tr_6_haznthley_sub_WEAPON_R_TYPE,,,0,0,1,,,0,360,0,,,,ENERGY,,0,0,0,,,,,,,1000000,,,,,SYSTEM,,,,,,,,,,,,,,,
海瑟斯雷中型可变武器（L）,rs_Tr_6_haznthley_sub_WEAPON_L_TYPE,,,0,0,1,,,0,360,0,,,,ENERGY,,0,0,0,,,,,,,1000000,,,,,SYSTEM,,,,,,,,,,,,,,,
海瑟斯雷可变武器（R）,rs_Tr_6_haznthley_WEAPON_R_TYPE,,,0,0,1,,,0,360,0,,,,ENERGY,,0,0,0,,,,,,,1000000,,,,,SYSTEM,,,,,,,,,,,,,,,
海瑟斯雷可变武器（L）,rs_Tr_6_haznthley_WEAPON_L_TYPE,,,0,0,1,,,0,360,0,,,,ENERGY,,0,0,0,,,,,,,1000000,,,,,SYSTEM,,,,,,,,,,,,,,,
,,,,,,,,,,,,,,,,,,,,,,,,,,,,,,,,,,,,,,,,,,,,,,
#丹迪莱恩,,,,,,,,,,,,,,,,,,,,,,,,,,,,,,,,,,,,,,,,,,,,,,
丹迪莱恩_躯干,rs_Tr_4_body,,,0,0,1,,,0,360,0,,,,ENERGY,,0,0,0,,,,,,,1000000,,,,,SYSTEM,,,,,,,,,,,,,,,
丹迪莱恩_机翼,rs_Tr_4_wing,,,0,0,1,,,0,360,0,,,,ENERGY,,0,0,0,,,,,,,1000000,,,,,SYSTEM,,,,,,,,,,,,,,,
丹迪莱恩左手线控炮指示激光,rs_Dandelion_Arm_LinerBit_Control_L,,,0,2000,1,1,,0,3,0,,,,ENERGY,,250,0.1,0.1,0.1,1,,,,,1000000,,,,,"SYSTEM, FIRE_WHEN_INEFFICIENT",MOCI_LINEBIT_7,,,,通用,,,,,机械臂模块在无法直接攻击到目标时会自动脱离进行全方位攻击,,,,TRUE,
丹迪莱恩右手线控炮指示激光,rs_Dandelion_Arm_LinerBit_Control_R,,,0,2000,1,1,,0,3,0,,,,ENERGY,,250,0.1,0.1,0.1,1,,,,,1000000,,,,,"SYSTEM, FIRE_WHEN_INEFFICIENT",MOCI_LINEBIT_7,,,,通用,,,,,机械臂模块在无法直接攻击到目标时会自动脱离进行全方位攻击,,,,TRUE,
丹迪莱恩线控炮激光,rs_Tr_4_bitbean,,,,1000,1000,,50,90,5,900,,,,KINETIC,,350,0,0,0.25,0.25,,,,,10000,,,,,"FIRE_WHEN_INEFFICIENT, SYSTEM",,,,打击/压制,,,,,,发射时产生大量电弧对路径上的目标进行饱和打击,,,,,108976.1
#费伯,,,,,,,,,,,,,,,,,,,,,,,,,,,,,,,,,,,,,,,,,,,,,,
费伯_躯干,rs_Tr_5_body,,,0,0,1,,,0,360,0,,,,ENERGY,,0,0,0,,,,,,,1000000,,,,,SYSTEM,,,,,,,,,,,,,,,
费伯_盖板,rs_Tr_5_cover,,,0,0,1,,,0,360,0,,,,ENERGY,,0,0,0,,,,,,,1000000,,,,,SYSTEM,,,,,,,,,,,,,,,
费伯_链接,rs_Tr_5_link,,,0,0,1,,,0,360,0,,,,ENERGY,,0,0,0,,,,,,,1000000,,,,,SYSTEM,,,,,,,,,,,,,,,
费伯_左翼,rs_fiver_wing_left,,,0,0,1,,,0,360,0,,,,ENERGY,,0,0,0,,,,,,,1000000,,,,,SYSTEM,,,,,,,,,,,,,,,
费伯_右翼,rs_fiver_wing_right,,,0,0,1,,,0,360,0,,,,ENERGY,,0,0,0,,,,,,,1000000,,,,,SYSTEM,,,,,,,,,,,,,,,
费伯左翼进攻型基哈尔弹射器,rs_Fiver_lanuch_left_assault,,,0,10000,1,1,,1,1,0,3,0.002,3,OTHER,1000,0,0,15,3,1,,,,,,175,100,10,2000,"SYSTEM, ANTI_FTR, DO_NOT_AIM, DO_NOT_CONSERVE","missile19, strike15,no_bp_drop,no_drop, no_sell, no_drop_salvage",,,,,,,,,发射搭载了强化进攻性能装配的基哈尔无人作战单元,,,,,
费伯右翼进攻型基哈尔弹射器,rs_Fiver_lanuch_right_assault,,,0,10000,1,1,,1,1,0,3,0.002,3,OTHER,1000,0,0,15,3,1,,,,,,175,100,10,2000,"SYSTEM, ANTI_FTR, DO_NOT_AIM, DO_NOT_CONSERVE","missile19, strike15,no_bp_drop,no_drop, no_sell, no_drop_salvage",,,,,,,,,发射搭载了强化进攻性能装配的基哈尔无人作战单元,,,,,
费伯左翼防御型基哈尔弹射器,rs_Fiver_lanuch_left_defense,,,0,10000,1,1,,1,1,0,3,0.002,3,OTHER,1000,0,0,15,3,1,,,,,,175,100,10,2000,"SYSTEM, ANTI_FTR, DO_NOT_AIM, DO_NOT_CONSERVE","missile19, strike15,no_bp_drop,no_drop, no_sell, no_drop_salvage",,,,,,,,,发射搭载了强化防御性能装配的基哈尔无人作战单元,,,,,
费伯右翼防御型基哈尔弹射器,rs_Fiver_lanuch_right_defense,,,0,10000,1,1,,1,1,0,3,0.002,3,OTHER,1000,0,0,15,3,1,,,,,,175,100,10,2000,"SYSTEM, ANTI_FTR, DO_NOT_AIM, DO_NOT_CONSERVE","missile19, strike15,no_bp_drop,no_drop, no_sell, no_drop_salvage",,,,,,,,,发射搭载了强化防御性能装配的基哈尔无人作战单元,,,,,
费伯左翼火力支援型基哈尔弹射器,rs_Fiver_lanuch_left_firesupport,,,0,10000,1,1,,1,1,0,3,0.002,3,OTHER,1000,0,0,15,3,1,,,,,,175,100,10,2000,"SYSTEM, ANTI_FTR, DO_NOT_AIM, DO_NOT_CONSERVE","missile19, strike15,no_bp_drop,no_drop, no_sell, no_drop_salvage",,,,,,,,,发射搭载了强化火力强度装配的基哈尔无人作战单元,,,,,
费伯右翼火力支援型基哈尔弹射器,rs_Fiver_lanuch_right_firesupport,,,0,10000,1,1,,1,1,0,3,0.002,3,OTHER,1000,0,0,15,3,1,,,,,,175,100,10,2000,"SYSTEM, ANTI_FTR, DO_NOT_AIM, DO_NOT_CONSERVE","missile19, strike15,no_bp_drop,no_drop, no_sell, no_drop_salvage",,,,,,,,,发射搭载了强化火力强度装配的基哈尔无人作战单元,,,,,
,,,,,,,,,,,,,,,,,,,,,,,,,,,,,,,,,,,,,,,,,,,,,,
费伯pd激光,rs_Fiver_pdleaser,,,0,650,500,,25,5,75,0,15,1,,KINETIC,,100,0,0,0.25,0.1,,,,,1000000,,,,,"SYSTEM, PD, ANTI_FTR","pd19, beam15, no_bp_drop,no_drop, no_sell, no_drop_salvage",,,,,,,,,,,,,,
#银雷,,,,,,,,,,,,,,,,,,,,,,,,,,,,,,,,,,,,,,,,,,,,,,
银雷_盖板,rs_Tr_6_cover,,,0,0,1,,,0,360,0,,,,ENERGY,,0,0,0,,,,,,,1000000,,,,,SYSTEM,,,,,,,,,,,,,,,
银雷_引擎遮盖右,rs_Tr_6_Inle_enginecover_right,,,0,0,1,,,0,360,0,,,,ENERGY,,0,0,0,,,,,,,1000000,,,,,SYSTEM,,,,,,,,,,,,,,,
银雷_引擎遮盖左,rs_Tr_6_Inle_enginecover_left,,,0,0,1,,,0,360,0,,,,ENERGY,,0,0,0,,,,,,,1000000,,,,,SYSTEM,,,,,,,,,,,,,,,
,,,,,,,,,,,,,,,,,,,,,,,,,,,,,,,,,,,,,,,,,,,,,,
银雷_主炮,rs_Tr_6_Inle_maingun,,,,1500,2000,,500,90,5,900,,,,KINETIC,,5500,3,0.5,1.5,8,,,,,10000,,,,,"FIRE_WHEN_INEFFICIENT, SYSTEM,NO_TURN_RATE_BOOST_WHEN_IDLE, STRIKE, USE_VS_FRIGATES","beam20, LR",,,打击/压制,,,,,,充能与照射时产生大量电弧对路径上的目标进行饱和打击，充能完毕后，发射一枚会造成 %s 动能伤害的射弹，命中护盾时会造成{%s}伤害。,5000 | 硬幅能,,,TRUE,108976.1
银雷_主炮弹丸,rs_Tr_6_Inle_maingun_proj,,,,1500,,5000,400,150,8,900,,,,ENERGY,5000,,3,3.75,1,,0,4,2,2,,4000,,,125,"SYSTEM,SHOW_IN_CODEX","energy20, LR",,骑士团实验,,长程支援,中等,普通,,,失稳：命中护盾或船体时，使被命中单位受到伤害提升20％，持续5秒，不可叠加。,,,,,76.31
,,,,,,,,,,,,,,,,,,,,,,,,,,,,,,,,,,,,,,,,,,,,,,
#特拉杰,,,,,,,,,,,,,,,,,,,,,,,,,,,,,,,,,,,,,,,,,,,,,,
特拉杰_头部,vow_VMS_12_head,,,0,0,1,,,0,360,0,,,,ENERGY,,0,0,0,,,,,,,1000000,,,,,SYSTEM,,,,,,,,,,,,,,,
特拉杰_躯干,vow_VMS_12_body,,,0,0,1,,,0,360,0,,,,ENERGY,,0,0,0,,,,,,,1000000,,,,,SYSTEM,,,,,,,,,,,,,,,
特拉杰_腿,vow_VMS_12_leg,,,0,0,1,,,0,360,0,,,,ENERGY,,0,0,0,,,,,,,1000000,,,,,SYSTEM,,,,,,,,,,,,,,,
特拉杰_背包,vow_VMS_12_backpack,,,0,0,1,,,0,360,0,,,,ENERGY,,0,0,0,,,,,,,1000000,,,,,SYSTEM,,,,,,,,,,,,,,,
特拉杰_背包（重火力）,vow_VMS_12_backpack_heavyweapon,,,0,0,1,,,0,360,0,,,,ENERGY,,0,0,0,,,,,,,1000000,,,,,SYSTEM,,,,,,,,,,,,,,,
特拉杰_左臂,vow_VMS_12_arm_left,,,0,0,1,,,0,360,0,,,,ENERGY,,0,0,0,,,,,,,1000000,,,,,SYSTEM,,,,,,,,,,,,,,,
特拉杰_右臂,vow_VMS_12_arm_right,,,0,0,1,,,0,360,0,,,,ENERGY,,0,0,0,,,,,,,1000000,,,,,SYSTEM,,,,,,,,,,,,,,,
特拉杰_左肩,vow_VMS_12_shoulder_left,,,0,0,1,,,0,360,0,,,,ENERGY,,0,0,0,,,,,,,1000000,,,,,SYSTEM,,,,,,,,,,,,,,,
特拉杰_右肩,vow_VMS_12_shoulder_right,,,0,0,1,,,0,360,0,,,,ENERGY,,0,0,0,,,,,,,1000000,,,,,SYSTEM,,,,,,,,,,,,,,,
,,,,,,,,,,,,,,,,,,,,,,,,,,,,,,,,,,,,,,,,,,,,,,
转管机枪,vow_VMS_12_arm_right_machinegun,,,0,800,,45,12,5,25,0,300,,,KINETIC,15,,0.025,0.025,1,,0,10,0.5,5,,950,,,25,"SYSTEM, FIRE_WHEN_INEFFICIENT, DO_NOT_CONSERVE","kinetic20,strike18",,誓言者设计,,压制,较快,良好,,,击中装甲或船体时，随机造成5-25高爆伤害,,,,,
长管加农,vow_VMS_12_arm_right_antiship,,,0,1100,,1500,250,45,45,0,,,,KINETIC,1000,,0,5,1,,0,3,0.5,12,,1450,,,75,"SYSTEM, FIRE_WHEN_INEFFICIENT","strike18,kinetic10",,誓言者设计,,火力打击,较快,良好,,,,,,,,
光束马格南,vow_VMS_12_arm_right_magena,,,0,1200,8000,,,0,7,0,2,,,ENERGY,,2000,1,1,0.8,22.2,,,,,10000,,,,,"SYSTEM, FIRE_WHEN_INEFFICIENT, DO_NOT_CONSERVE","beam20, LR",,誓言者设计,反大型舰船,,,,,,命中船体或装甲时大概率产生打击武器与引擎的电弧，造成额外 EMP 与能量伤害。当命中护盾时，将根据目标硬幅能水平随机产生穿透护盾的电弧。,,,,,
刺拳挂架,vow_VMS_12_arm_left_missile,,,0,1250,,2000,,100,10,0,2,0.1,2,HIGH_EXPLOSIVE,0,,0,5,2,0.3,0,10,5,5,,659,100,5,325,"SYSTEM, STRIKE, DO_NOT_CONSERVE","strike16, rocket14",,誓言者设计,,鱼雷,较快,无,,,,,,,,
,,,,,,,,,,,,,,,,,,,,,,,,,,,,,,,,,,,,,,,,,,,,,,
#巴扎姆,,,,,,,,,,,,,,,,,,,,,,,,,,,,,,,,,,,,,,,,,,,,,,
巴扎姆_头部,vow_VMS_14_head,,,0,0,1,,,0,360,0,,,,ENERGY,,0,0,0,,,,,,,1000000,,,,,SYSTEM,,,,,,,,,,,,,,,
巴扎姆_躯干,vow_VMS_14_body,,,0,0,1,,,0,360,0,,,,ENERGY,,0,0,0,,,,,,,1000000,,,,,SYSTEM,,,,,,,,,,,,,,,
巴扎姆_腿,vow_VMS_14_legs,,,0,0,1,,,0,360,0,,,,ENERGY,,0,0,0,,,,,,,1000000,,,,,SYSTEM,,,,,,,,,,,,,,,
巴扎姆_左肩,vow_VMS_14_shoulder_left,,,0,0,1,,,0,360,0,,,,ENERGY,,0,0,0,,,,,,,1000000,,,,,SYSTEM,,,,,,,,,,,,,,,
巴扎姆_右肩,vow_VMS_14_shoulder_right,,,0,0,1,,,0,360,0,,,,ENERGY,,0,0,0,,,,,,,1000000,,,,,SYSTEM,,,,,,,,,,,,,,,
巴扎姆_左臂,vow_VMS_14_arm_left,,,0,0,1,,,0,360,0,,,,ENERGY,,0,0,0,,,,,,,1000000,,,,,SYSTEM,,,,,,,,,,,,,,,
巴扎姆_右臂,vow_VMS_14_arm_right,,,0,0,1,,,0,360,0,,,,ENERGY,,0,0,0,,,,,,,1000000,,,,,SYSTEM,,,,,,,,,,,,,,,
巴扎姆_左臂武器,vow_VMS_14_arm_smg_left,,,0,0,1,,,0,360,0,,,,ENERGY,,0,0,0,,,,,,,1000000,,,,,SYSTEM,,,,,,,,,,,,,,,
巴扎姆_右臂武器,vow_VMS_14_arm_weapon_right,,,0,0,1,,,0,360,0,,,,ENERGY,,0,0,0,,,,,,,1000000,,,,,SYSTEM,,,,,,,,,,,,,,,
,,,,,,,,,,,,,,,,,,,,,,,,,,,,,,,,,,,,,,,,,,,,,,
巴扎姆_榴弹发射器,vow_VMS_14_arm_cannon_right,,,0,1200,,500,,100,10,0,3,0.1,,ENERGY,0,,0,2,1,0.15,0,15,5,3,,850,850,5,275,"SYSTEM, STRIKE, DO_NOT_CONSERVE","strike16, rocket14",,誓言者设计,,榴弹,快,无,,,击中物体时，对目标造成最多500额外能量伤害和1200额外{EMP}伤害，该伤害也会波及大范围内的舰船和战机。,,,,,
,,,,,,,,,,,,,,,,,,,,,,,,,,,,,,,,,,,,,,,,,,,,,,
#里海泽,,,,,,,,,,,,,,,,,,,,,,,,,,,,,,,,,,,,,,,,,,,,,,
里海泽_头部,vow_VMS_15_head,,,0,0,1,,,0,360,0,,,,ENERGY,,0,0,0,,,,,,,1000000,,,,,SYSTEM,,,,,,,,,,,,,,,
里海泽_躯干,vow_VMS_15_body,,,0,0,1,,,0,360,0,,,,ENERGY,,0,0,0,,,,,,,1000000,,,,,SYSTEM,,,,,,,,,,,,,,,
里海泽_腿,vow_VMS_15_legs,,,0,0,1,,,0,360,0,,,,ENERGY,,0,0,0,,,,,,,1000000,,,,,SYSTEM,,,,,,,,,,,,,,,
里海泽_左肩,vow_VMS_15_shoulder_left,,,0,0,1,,,0,360,0,,,,ENERGY,,0,0,0,,,,,,,1000000,,,,,SYSTEM,,,,,,,,,,,,,,,
里海泽_右肩,vow_VMS_15_shoulder_right,,,0,0,1,,,0,360,0,,,,ENERGY,,0,0,0,,,,,,,1000000,,,,,SYSTEM,,,,,,,,,,,,,,,
里海泽_左臂,vow_VMS_15_arm_left,,,0,0,1,,,0,360,0,,,,ENERGY,,0,0,0,,,,,,,1000000,,,,,SYSTEM,,,,,,,,,,,,,,,
里海泽_右臂,vow_VMS_15_arm_right,,,0,0,1,,,0,360,0,,,,ENERGY,,0,0,0,,,,,,,1000000,,,,,SYSTEM,,,,,,,,,,,,,,,
里海泽_左臂武器,vow_VMS_15_arm_smg_left,,,0,0,1,,,0,360,0,,,,ENERGY,,0,0,0,,,,,,,1000000,,,,,SYSTEM,,,,,,,,,,,,,,,
里海泽_机动推进器,vow_VMS_15_shoulderEngine,,,0,0,1,,,0,360,0,,,,ENERGY,,0,0,0,,,,,,,1000000,,,,,SYSTEM,,,,,,,,,,,,,,,
里海泽_后部导弹发射器,vow_VMS_15_backmissile,,,0,0,1,,,0,360,0,,,,ENERGY,,0,0,0,,,,,,,1000000,,,,,SYSTEM,,,,,,,,,,,,,,,
,,,,,,,,,,,,,,,,,,,,,,,,,,,,,,,,,,,,,,,,,,,,,,
里海泽_变出力引擎(R),vow_VMS_15_shoulderEngine_right,,,0,0,1,,,0,360,0,,,,ENERGY,,0,0,0,,,,,,,1000000,,,,,SYSTEM,,,,,,,,,,,,,,,
里海泽_变出力引擎(L),vow_VMS_15_shoulderEngine_left,,,0,0,1,,,0,360,0,,,,ENERGY,,0,0,0,,,,,,,1000000,,,,,SYSTEM,,,,,,,,,,,,,,,
,,,,,,,,,,,,,,,,,,,,,,,,,,,,,,,,,,,,,,,,,,,,,,
高出力粒子加农,vow_VMS_15_arm_right_gun,,,0,1200,4000,,,0,7,0,5,0.075,,ENERGY,,6000,0.2,0.05,0.75,1.25,,,,,10000,,,,,"SYSTEM, FIRE_WHEN_INEFFICIENT, DO_NOT_CONSERVE, STRIKE, USE_VS_FRIGATES","beam20, LR",,誓言者设计,反大型舰船,,,,,,命中船体或装甲时大概率产生打击武器与引擎的电弧，造成额外 EMP 与能量伤害。当命中护盾时，将根据目标硬幅能水平随机产生穿透护盾的电弧。,,,,,
,,,,,,,,,,,,,,,,,,,,,,,,,,,,,,,,,,,,,,,,,,,,,,
#汉谟拉比装备,,,,,,,,,,,,,,,,,,,,,,,,,,,,,,,,,,,,,,,,,,,,,,
汉谟拉比_背包,vow_VMS_Hambrabi,,,0,0,1,,,0,360,0,,,,ENERGY,,0,0,0,,,,,,,1000000,,,,,SYSTEM,,,,,,,,,,,,,,,
汉谟拉比_导弹挂架（L）,vow_VMS_Hambrabi_missile_left,,,0,1200,,3000,,100,10,0,3,0.12,3,FRAGMENTATION,0,,0,5,3,0.15,0,9,3,1,,850,850,5,275,"SYSTEM ,STRIKE, DO_NOT_CONSERVE","strike16, rocket14",,誓言者设计,,榴弹,快,无,,,,,,,,
汉谟拉比_导弹挂架（R）,vow_VMS_Hambrabi_missile_right,,,0,1200,,3000,,100,10,0,3,0.12,3,FRAGMENTATION,0,,0,5,3,0.15,0,9,3,1,,850,850,5,275,"SYSTEM ,STRIKE, DO_NOT_CONSERVE","strike16, rocket14",,誓言者设计,,榴弹,快,无,,,,,,,,
汉谟拉比_巨型加农炮,vow_VMS_Hambrabi_cannon_left,,,,1200,,4500,1000,500,2,,,,,KINETIC,5750,,1.5,8.5,1,,,,,,,2500,,,,"SYSTEM, FIRE_WHEN_INEFFICIENT, DO_NOT_CONSERVE",,,誓言者设计,,反舰,,,,,,,,,,
汉谟拉比_能量机枪（L）,vow_VMS_Hambrabi_machinegun_left,,,0,800,,55,,20,10,30,60,5,20,KINETIC,40,,0,0.02,1,,0,5,0.25,5,,1200,,,20,"SYSTEM ,STRIKE, FIRE_WHEN_INEFFICIENT,DO_NOT_CONSERVE, USE_VS_FRIGATES","strike22,kinetic19",,誓言者设计,,反护盾/压制,,,,,对打击护盾较为有效的大型型能量武器，可以高压力持续压迫敌方单位护盾。击中装甲或船体时，随机造成15-45破片伤害,,,,,
汉谟拉比_能量机枪（R）,vow_VMS_Hambrabi_machinegun_right,,,0,800,,55,,20,10,30,60,5,20,KINETIC,40,,0,0.02,1,,0,5,0.25,5,,1200,,,20,"SYSTEM ,STRIKE, FIRE_WHEN_INEFFICIENT,DO_NOT_CONSERVE, USE_VS_FRIGATES","strike22,kinetic19",,誓言者设计,,反护盾/压制,,,,,对打击护盾较为有效的大型型能量武器，可以高压力持续压迫敌方单位护盾。击中装甲或船体时，随机造成15-45破片伤害,,,,,
,,,,,,,,,,,,,,,,,,,,,,,,,,,,,,,,,,,,,,,,,,,,,,
#热诱弹,,,,,,,,,,,,,,,,,,,,,,,,,,,,,,,,,,,,,,,,,,,,,,
战机追踪热诱弹,rs_flarelauncher_fighter,,,,450,,10,400,,,,,0,,ENERGY,0,0,0,0.1,1,0.1,90,90,0,0,,400,200,7,1,SYSTEM,,,,,,,,,,,,,,,
战舰追踪热诱弹,rs_flarelauncher_ship,,,,450,,10,400,,,,,0,,ENERGY,0,0,0,0.1,3,0.1,90,90,0,0,,400,200,7,1,SYSTEM,,,,,,,,,,,,,,,
